관광상품번호(NameID),관광지명,관광지구분,소재지도로명주소,소재지지번주소,위도,경도,면적(제곱미터),공공편익시설정보,수용인원수,주차가능수,관광지소개,관리기관전화번호,관리기관명,데이터기준일자
1000001,무봉사,기타(문화유적),경상남도 밀양시 영남루1길 16-11 (내일동),경상남도 밀양시 내일동 37,35.49175286,128.7566522,486㎡,주차장 화장실, , ,신라 혜공왕 9년 법조선사로부터 받은 불은을 갚기 위해 가람을 지어주고 이를 무봉사라 하였으며 영남루와 밀양강과의 조화로 마치 그림 같은 풍경을 지니고 있다. 무봉사 내의 통일신라시대 석조여래좌상은 보물 제493호로 지정되었으며 무봉사 태극나비 전설 또한 잘 알려져 있다. |- 홈페이지: https://moobongsa.modoo.at/,055-354-8138,무봉사,2022-10-24
1000002,부은사,기타(문화유적),경상남도 밀양시 삼랑진읍 천태로 451-94,경상남도 밀양시 삼랑진읍 안태리 828,35.41120562,128.8861797,3818㎡,주차장, , ,밀양 부은사는 가야국 2대 거등왕이 부친 수로왕의 은혜를 보답하고 기리기 위해 200년 무렵에 세운 가야 고찰로 임진왜란 때 한차례 소실되었다가 동화사 승려 학송이 옛 부은암을 재건했다 전해진다. 이후 조선시대에 조성된 석조 아미타불좌상은 시도 무형문화재 제476호로 지정되어 있다.,055-353-8032,부은사,2022-10-24
1000003,표충사,기타(문화유적),경상남도 밀양시 단장면 표충로 1338,경상남도 밀양시 단장면 구천리 25,35.53269968,128.959425,20026399㎡,주차장 화장실, , ,표충사는 영남알프스라 불리는 밀양 재약산 내에 위치하며 그중 표충사 사계는 밀양8경에 속할 정도로 그 풍경이 아름답다. 유생들을 교육하고 성현들이 제사하는 표충서원이 사찰영역 안에 있어 불교와 유교가 한자리에 공존하는 특색 있는 사찰이다. 또한 표충사 내에는 템플스테이가 있어 1700년 한국불교의 역사와 문화가 숨쉬는 산사에서의 전통문화체험을 할 수 있다. 일반 템플스테이 프로그램 외에도 참선발심반(심화과정)과 내마음주인되기(휴식형) 그리고 토닥토닥 템플스테이(의료진 전용) 등 다양한 프로그램이 마련되어 있다. *비용은 프로그램별 상이(공식 홈페이지 참조)|- 홈페이지: https://www.pyochungsa.or.kr/,055-352-1150,표충사,2022-10-24
1000004,홍제사(표충비각),기타(문화유적),경상남도 밀양시 무안면 동부동안길 4,경상남도 밀양시 무안면 무안리 901 - 8,35.47153122,128.6510232,299㎡,주차장, , ,밀양 전통사찰 59호 호국도량으로 조선시대 사명대사의 뜻을 기리기 위해 세워진 사찰이다. 사명대사의 호국성지인 밀양 표충사의 후신이며 표충비각을 수호하고 있다. 표충비는 일명 “한비(汗碑)”또는“땀 흘리는 비”라고도 하며 밀양시 무안면 홍제사 경내에 있다. 비 전면에는 “송운대사영당비명병서(松雲大師靈堂碑銘幷序)”라 하여 사명대사(四溟大師1544~1610)의 충의와 행장을 새겼는데 임진왜란이 일어나자 구국충혼으로 의승병을 창의하고 임진·정유재란 기간 동안 수많은 전장에 나아가 왜적들을 물리친 사실과 전란이 끝난 후 강화와 탐적사로 일본에 건너가 탁월한 외교력을 발휘하여 양국 간 평화를 이끌어 낸 공적 등을 새겼다. 표충비는 국가의 중대사가 있을 때를 전후하여 비면에 자연적으로 땀방울이 맺혀서 마치 구슬땀처럼 흐르는데 이것을 두고 사람들은 나라와 겨레를 염려하는 사명대사의 영험이라고 신성시하고 있다.,055-352-0125,홍제사,2022-10-24
1000005,만어사,기타(문화유적),경상남도 밀양시 삼랑진읍 만어로 776,경상남도 밀양시 삼랑진읍 용전리 4,35.45485528,128.8461724,1481㎡,주차장, , ,해발 674m의 만어산 8부능선에 위치하고 있는 만어사는 가락국 수로왕이 창건하였다는 기록이 삼국유사에 전하고 있으며 우리나라 고대 불교의 남방 전래설을 뒷받침해주는 전통사찰로 많은 전설과 갖가지 신비한 현상을 간직하고 있다. 이곳은 오랜 가뭄이 지속되면 기우제를 지내던 곳으로 영험이 있다 하였으며 세종실록지리지에 의하면 세상에 전해오기를 신라왕의 공불처(供佛處) 였다고 한다. 이와 함께 삼국유사에는 동량 보림이 글을 올렸는데 금나라 대정 12년 경자년 곧 고려 명종10년(1180)에 처음 건립하고 삼층석탑(보물 제466호)을 세웠다 하였다.,055-356-2010,만어사,2022-10-24
1000006,석골사,기타(문화유적),경상남도 밀양시 산내면 원서3길 167,경상남도 밀양시 산내면 원서리 454,35.61583523,128.9271988,2473㎡,주차장, , ,산내면 원서리에 있는 석골사는 신라말 비허선사(備虛禪師)가 창건한 사찰로 북쪽에는 운문산 동쪽에는 가지산 서쪽은 억산이라는 이름난 큰 산이 연봉을 이루어 기암절벽과 깊은 계곡의 경관이 매우 아름답다. 이 석골사 바로 아래에는 사철 물이 마르지 않는 석골사 폭포와 싱그러운 계곡이 있어 사시사철 관광객과 등산객들의 발길이 끊이지 않는 곳이다.,055-352-6557,석골사,2022-10-24
1000007,용궁사,기타(문화유적),경상남도 밀양시 용두로 31-8 (가곡동),경상남도 밀양시 가곡동 691,35.48015482,128.7670296,509㎡,주차장, , ,창건에 관한 사항은 정확히 전해지지 않는다. 현재 밀양시의 시가지 인근에 위치한 점/ 요사 등의 몇몇 건물의 양식을 비롯하여 1938년에 조성 봉안된 용왕탱과 같이 조성되었을 것으로 생각되는 조왕탱/ 일제강점기 범종/ 칠성각 상량문을 통해 일제강점기에 운영되던 사찰임을 알 수 있다. 근대기 우리 민족의 수난이 담겨 있는 사찰로 일제강점기에 전성기를 누리던 도심의 포교당과 유사한 형식이다. 혼란한 조선말기에 민간의 신앙적 희구(希求)를 위한 방편으로 용왕과 같은 토착신들을 수용하였다.|- 홈페이지: http://www.yonggungsa.or.kr/,055-354-4464,용궁사,2022-10-24
1000008,대법사,기타(문화유적),경상남도 밀양시 무안면 무안서로 163-158,경상남도 밀양시 무안면 중산리 1128-1,35.4665044,128.6064746,10390㎡,주차장 화장실, , ,대법사는 사명대사가 강화사로 일본에 다녀온 뒤인 1605년(乙巳)고향으로 돌아와 선영이 바라보이는 이곳에 조그마한 초가를 지어‘백하난야’이라 하고 선대의 명복을 빌면서 여생을 보내고자 했던 성지이다.그해 10월 묘향산으로 길을 떠났던 사명대사가 1610년 합천 해인사 홍재암에서 입적하자 밀양유림에서는 대사의 충(忠)이 지극히 커서 불법으로 그 공훈을 보답하기에는 부족하다 하여 “백하난야” 옆에 사당을 창건하고 표충사라 하였다. 1839년 표충사당이 영정사(표충사)로 옮겨가자 그 자리에 옛 사찰의 명맥을 이어 다시 건립된 것이 현재의 대법사이다. 대법사 경내에는 사명대사가 묘향산으로 들어갈 때 짚고 있던 지팡이를 꽂아둔 것으로 알려진 아름드리 모과나무가 있다.,055-356-0322,대법사,2022-10-24
1000009,트윈터널,기타(공원),경상남도 밀양시 삼랑진읍 삼랑진로 537-11,경상남도 밀양시 삼랑진읍 미전리 1026-4,35.40831642,128.8045114,6848㎡,주차장 편의점 놀이장 화장실, ,64대,밀양 삼랑진읍 옛 경부선의 폐선터널을 새롭게 재단장한 곳. 1902년 고종의 국가근대화정책에 의해 만들어진 식산흥업 터널(하행선 1세대)과 1940년 개통된 무월산 터널(상행선 2세대)의 두 터널이 2004년 KTX의 개통으로 폐쇄된 후 2017년 현재의 트윈터널로 재탄생하였다. 국내 최초로 캐릭터와 빛을 이용해 만든 빛 테마파크이며 크게 해저터널과 빛의 터널 두 구간으로 나누어진다. | -이용시간 :  평일 10:30~19:00 주말 10:30~20:00 (연중무휴) 입장마감 : 운영마감 1시간전 |  -입장료: 성인 : 8000원 청소년(중고등학생) : 6000원 어린이(25개월~13세) : 5000원 경로/복지/유공자/밀양시민 : 5000원  |  -홈페이지 : https://www.instagram.com/twin_tunnel/,0507-1430-8829,트윈터널,2022-10-24
1000010,가산저수지,기타(테마길), ,경상남도 밀양시 부북면 퇴로리 417,35.54373478,128.7029376,97015㎡,화장실, ,,둘레길을 통해 산책 및 드라이브하기 좋은 관광코스 중 하나로 전망대와 수상 태양광발전시설 등이 있다. 퇴로고가 농촌체험마을과 용호정으로 가는 길이 함께 연결되어 있다.,055-354-3921,한국농어촌공사 밀양지사,2022-10-24
1000011,경상남도민물고기전시관,기타(전시관람),경상남도 밀양시 산외면 산외남로 28-27,경상남도 밀양시 산외면 금천리 842-67 ,35.49709948,128.796661,34692㎡,주차장 , ,21대,물고기의 생태를 체험하면서 자연의 소중함을 체험하는 곳으로 2009년 5월 개관하였다. 경상남도 수산자원연구소 부속으로 밀양시 산외면의 민물고기연구센터 내에 위치하고 있으며 '먹이주기 체험'과 '탁본체험' 등이 있다. 관람시간은 오전 10시부터 오후 4시까지이며 매주 월요일 휴관이다.|- 홈페이지: https://www.gyeongnam.go.kr/susan/index.gyeong,055-254-3451,경상남도 수산자원연구소 민물고기연구센터 ,2022-10-24
1000012,경남밀양관아,기타(문화유적),경상남도 밀양시 중앙로 348(내일동),경상남도 밀양시 내일동 376,35.49440767,128.7544207,7110㎡,주차장, ,29대,조선시대 밀양부 관아의 창건 연대는 정확히 알 수 없으며 본래 있던 건물은 임진왜란으로 전부 불타버렸는데 1612년에 원유남 부사가 부임하여 원래 자리에 관아를 재건하였다. 고종32년(1895년)에 지방관제 개편에 따라 군청으로 명칭이 바뀌었다가 1927년도에 삼문동으로 밀양군청을 신축하여 이전한 이후 밀양읍사무소 밀양시청 내일동사무소의 청사로 이용되었으며 2010년 4월 현재의 관아로 복원되었다. 2010년 현재의 관아는 투호와 굴렁쇠 곤장 전통혼례 조형물 등 다양한 전통문화 체험이 가능하고 근민헌 매죽당 북별실 등 다양한 부속건물이 있다.,055-359-5580,밀양관아,2022-10-24
1000013,구만계곡,기타(휴양시설), ,경상남도 밀양시 산내면 봉의리 1596-39,35.60116606,128.8715533,6173㎡,주차장, , ,구만산(785m) 남쪽의 이 계곡은 2km정도의 바위계곡인데 골짜기가 좁고 길어서 일명 통수골이라 한다. 이 계곡에 임진왜란때 9만명이나 되는 백성들이 피난을 하였다 하여 구만계곡이란 이름이 붙었다. 계곡 가운데 구만폭포라는 장대한 폭포가 있는데 높이가 30~40m는 되고 폭포 아래에는 직경이 15m정도 되는 깊은 못이 형성되어 있다. 2km계곡 양쪽에 수십m의 높은 절벽이 솟아있고 그 계곡은 바닥이 선명히 드러나는 맑은 옥류계곡이 흘러 절경의 극치를 이룬다.,055-359-5297,밀양시청 산림녹지과,2022-10-24
1000014,구만산,기타(산), ,경상남도 밀양시 산내면 봉의리 산5,35.62500919,128.880689,968231㎡,주차장, , ,동쪽과 서쪽에 수직암벽이 솟아있고 좁은 협곡이 남북으로 뚫려있어 마치 깊은통속과 같다하여 통수골이라 불리어지는 구만산계곡에 높이 약42m의 수직폭포로 아름다운 비경이 자연의 신비로움을 느끼게 한다. 구만산은 계곡이 유명하다. 1942년 즈음 임진왜란 당시 구만명의 사람이 이곳에서 전화를 피했다 해서 이름붙은 구만동은 8km가 넘는 골짜기 안에 온갖 비경을 간직하고 있다. |- 1코스 : 구만산장-구만폭포-구만산(정상) → 총1시간30분|- 2코스 : 가인저수지-구만산 → 총1시간55분|- 3코스 : 구만산장-구만암-구만폭포-구만산 → 총1시간30분|- 4코스 : 구만산장-구만폭포-구만산-갈림길-깨진바위-억산-팔풍재-선녀폭포-석골사 → 총8시간,055-359-5297,밀양시청 산림녹지과,2022-10-24
1000015,국립밀양기상과학관,기타(전시관람),경상남도 밀양시 밀양대공원로 84,경상남도 밀양시 교동 480-8,35.50217059,128.7609767,2680㎡,주차장 휠체어 유모차 점자안내판 화장실, ,100대,2020년 5월에 개관하였고 국내 최대 토네이도 시뮬레이션을 체험할 수 있는 곳이다. 관람시간은 오전 10시부터 오후 5시 30분까지이고 매주 월요일 및 1월 1일 명절연휴 때 휴관한다. 토네이도와 기후현상 체험 외에도 얼음골의 고드름/ 기상예보 관측 및 브리핑 등 다양한 관람코스로 이루어져 있다.|- 홈페이지: https://science.kma.go.kr/science/,055-981-7370,국립밀양기상과학관,2022-10-24
1000016,금시당,기타(문화유적),경상남도 밀양시 활성로 24-183,경상남도 밀양시 활성동 582-1 ,35.48699918,128.7837842,202㎡, , ,,경상남도 문화재자료 제 228호로 금시당과 백곡재 2채로 된 건물이다. 금시당은 조선시대 문신 이광진 선생이 제자들을 교육시키기 위해 설립한 교육기관이며 최초로 지은 건물은 임진왜란 때 불타 소실되었고 이후 1743년 백곡 이지운 선생에 의해 복원되었다. 백곡재는 백곡 이지운을 추모하기 위해 철종 11년(1860)에 세워졌다.,055-359-5641,여주이씨문중,2022-10-24
1000017,밀양급수탑,기타(문화유적), ,경상남도 밀양시 삼랑진읍 송지리 156-1,35.39901606,128.8430035,60㎡, , ,,1923년 건립된 이 시설물은 경부선을 운행하던 증기기관차에 물을 공급하기 위해 삼량진역 내에 건립된 급수탑이다. 하부는 석조로 되어 있고 상부는 철근 콘크리트이지만 석조의 무늬를 나타내기 위해 줄눈을 표시하였고 위쪽에 철제 물통실을 설치하였다. 당시 교통 요충지로 중요한 역할을 했던 삼량진역의 철도 시설물로서 가치가 있다. 입장료 없이 관람 가능하며 삼랑진역 급수탑/ 삼랑진양수발전소 홍보관/ 안촌마을 등 삼랑진 드라이브 코스 중 하나이다.,1588-7270,국가철도공단,2022-10-24
1000018,김범우묘,기타(문화유적), ,경상남도 밀양시 삼랑진읍 용전리 산102-1,35.43793948,128.8369521,52830㎡, , ,,한국 천주교의 첫 순교자 김범우 토마스의 성지. 1989년 공식적으로 그의 묘가 확인되고 2005년 묘 주변을 단장해 성지로 거듭났으며 2011년에는 순교자김범우기념 성모동굴성당이 건립되었다. 김범우 토마스는 정약용의 자형인 이벽의 영향으로 천주교에 입교하였고 최초 세례자인 이승훈 베드로에 의해 토마스라는 영세명을 얻었다. 1784년부터 자신의 집을 명례방공동체로 개방하여 예배의 장을 열었으며 이후 1785년 을사추조적발사건(乙巳秋曹摘發事件)에 연루되어 단양으로 유배되었다. 그의 묘지 아래에는 1000여평의 잔디밭으로 조성된 김범우 광장이 있다.,055-356-7030,오순절 평화의마을(법인),2022-10-24
1000019,밀양꽃새미마을,기타(체험마을),경상남도 밀양시 초동면 방동안길 28,경상남도 밀양시 초동면 봉황리 125-1,35.45327353,128.7066796,230㎡,주차장, ,,어린이들을 위한 자연생태체험이 다양한 곳으로 태백산맥의 끝자락인 종남산에 둘러쌓여 있으며 마을 근처에는 봉황저수지가 펼쳐져 있다. 그중 퇴로고가 농촌체험프로그램에는 자연생태체험과 농심체험 및 민속놀이체험 전통음식체험 등이 있다. 그 외에도 마을 내에는 문화센터 카페 키즈풀빌라 식당 숙박시설 등이 있다. 밀양꽃새미마을 홈페이지에서 예약 및 문의가 가능하다. |- 체험프로그램 접수 : 인터넷/ 전화 |- 참가비 : 체험 별 상이(밀양꽃새미마을 홈페이지 참고) |- 홈페이지: http://www.kksm.kr/index.php,055-391-1518,밀양꽃새미마을,2022-10-24
1000020,다죽리손씨고가,기타(문화유적),경상남도 밀양시 산외면 다원1리길 18,경상남도 밀양시 산외면 다죽리 237-1,35.5040745,128.8146645,4291㎡, , ,,경상남도 문화재자료 제111호이다. 다죽리 손씨 고가는 일직 손씨 집성촌인 죽서마을에서 ‘손병사 고택’이라 부르는 한옥이다. 조선 영조 때 병마절도사를 지낸 손진민이 이 집을 지었는데 아버지를 이어 병마절도사가 된 아들 상룡이 집을 더 늘려 지은 데서 유래한다. 집의 구조는 남성의 생활공간인 사랑채와 여성이 생활하는 안채가 담장과 중문을 경계로 나누어져 있다. 사랑채에는 죽계서당과 모련재라고 적힌 현판이 걸려 있다. 사랑마당에는 오래된 향나무가 있으며 앞쪽으로는 대문채가 있다. 안채를 중심으로 좌우에 곳간과 행랑방을 둔 별채가 있으며 안채 맞은편에도 몇몇 건물이 있었으나 지금은 없어졌다. 영남 지방 상류층 고가에서 흔히 볼 수 있는 건축 양식을 담고 있는 문화재로 평가받고 있다.,055-359-5641,손기혁,2022-10-24
1000021,단장면허씨고가,기타(문화유적),경상남도 밀양시 단장면 단장1길 57,경상남도 밀양시 단장면 단장리 380,35.50707626,128.8543983,1547㎡, , ,,경상남도 문화재자료 제110호이다. 단장면 허씨 고가는 조선 말 유학자 허채(1859~1935)가 1890년경 김해에서 밀양으로 이주한 뒤 지은 한옥이다. 스스로 주산서당(珠山書堂)을 짓고 후학 양성에 힘썼으며 아들 석(?)과 손자 섭(涉) 등 집안에서 대대로 유학자를 배출하였다는 점을 들어 유학자 가문의 집으로 불리기도 한다. 안채와 사랑채 / 사당과 창고 등으로 구성되어 있다.,055-359-5641,허용,2022-10-24
1000022,달빛쌈지공원,기타(공원),경상남도 밀양시 내일중앙1길 21-29,경상남도 밀양시 내일동 431-128,35.49572141,128.7544135,79㎡,주차장, ,,달빛쌈지공원은 내일5통 밀양여고 인근에 위치한 기존의 배수지(수도공급시설)를 문화 및 휴게 공간으로 탈바꿈하여 지역주민과 내방객에게 제공하고자 조성되었다. 문화 및 휴게공간으로 탐방테크/체육시설/스탠드/스카이로드 등을 조성해 다양한 볼거리와 휴식공간을 제공하고 있다. ,055-359-5380,밀양시청 건축과,2022-10-24
1000023,용평터널,기타(관광명소), ,경상남도 밀양시 용평동 964,35.49467246,128.7790534,43039㎡, , ,,정우성 주연의 영화 '똥개'의 촬영지로 삼문동과 용평터널(백송터널 월연터널) 등 밀양 전역에서 촬영되었으며 그중 용평터널은 현재 밀양의 드라이브 명소이자 포토존으로 잘 알려져 있다. 터널의 길이는 약 300m로 차량이 1대만 지나다닐 수 있는 면적이므로 통행 시 유의해야 한다. 해당 전광판의 '진입시 서행'이라는 안내에 따라 진입할 수 있고 '진입 금지' 안내 시 반대편 입구에서 차량 진입 상태이기 때문에 대기했다가 이후에 진입해야 한다. 또한 용평터널 근처에는 월연정(밀양8경 중 하나)이 위치해 있으므로 함께 관광하기에도 유익하다.,055-359-5633,밀양시청 문화예술과,2022-10-24
1000024,리더스컨트리클럽,기타(운동오락시설),경상남도 밀양시 활성로 455 (활성동),경상남도 밀양시 활성동 22 리더스컨트리클럽,35.47414936,128.8130744,1003159㎡,주차장 화장실 샤워실 레스토랑, , ,2008년 9월 30일이라는 짧은 개장 역사에도 불구하고 홀당 내장객 전국 수위권을 달리고 있는 골프클럽이다. 각기 특색 있는 3개 정규코스(Hill / Lake / Pine)의 27홀 정규 코스로 구성되었으며 영남알프스 끝자락 자연경관에서 사계절 올라운딩을 즐길 수 있다. 부산/ 울산/ 대구 등 3개 광역시 및 창원/ 김해/ 양산 등 영남 주요 도시에서 30~40분 거리에 위치하여 접근성이 좋다. |- 이용요금 : 평일 165000원/ 휴일 209000원/ 카트사용료 90000원/ 캐디피 130000원(그외 대여료 홈페이지 참고) |- 예약 : 인터넷/모바일 |- 홈페이지: https://www.leaderscc.co.kr/,055-350-3000,리더스컨트리클럽,2022-10-24
1000025,말보르승마장,기타(운동오락시설),경상남도 밀양시 부북면 퇴로로 195,경상남도 밀양시 부북면 퇴로리 502-12,35.54587573,128.6982131,4459㎡,주차장, , ,경남 유일의 안전 승마시설로 실내 및 실외마장/ 원형마장/ 클럽하우스 등 그 시설이 다양하며 체계화된 교육시스템을 통해 초보자부터 전문 승마인까지 개인 능력에 맞추어 교육효과를 극대화시킬 수 있다. 또한 말과의 교감을 통해 생동감 체험 및 건강한 운동이 가능하며 대표프로그램에는 학생승마와 재활승마 등이 있다. (체험비용: 전화문의) |<오시는 길> 밀양시청 - 신촌오거리 ‘밀양연극촌’ 방면 - 치즈스토리방향 - 말보르승마장 |- 홈페이지: http://xn--2w2b2fwa033abwjb1h.com/main/,055-355-7688,말보르승마장,2022-10-24
1000026,미리미동국,기타(체험마을),경상남도 밀양시 남천강변로3길 3-4(삼문동),경상남도 밀양시 삼문동 384-4,35.49083497,128.7494135,106㎡,주차창(내일동 강변주차장 이용), , ,미리미동국은 밀양시의 최초 이름으로 당시 삼한시대 변한 12소국 중 하나이자 여기서 '미리'는 누에 및 용을 뜻하고 '미동'은 물둑을 뜻한다. 진장 문화예술플랫폼이자 지역 문화거점공간인 이곳에서는 빈집 6채를 문화적 도시재생 사업으로 조성하여 지역예술인들의 레지던시 공간으로 활용 중이다. 또한 예술가와 함께 누리고 소통할 수 있는 문화예술공간으로 다양한 문화활동 및 체험프로그램이 개최되고 있다. |- 운영시간 : 오전 10시 ~ 오후 6시 (매주 월요일 휴관)| -홈페이지: http://mirimi.kr/, 055-355-0306,밀양시문화도시센터,2022-10-24
1000027,미리벌민속박물관,기타(전시관람),경상남도 밀양시 초동면 초동중앙로 439 ,경상남도 밀양시 초동면 범평리 406,35.4190096,128.6745532,10233㎡,주차장 화장실, , ,밀양시 초동면 범평리의 옛 초등학교 자리에 설립한 사립박물관으로 이곳에서는 지난 30여년 동안 수집해 온 전통 민속품 등 2000여점을 전시하고 있다. 이 박물관의 특징은 전시물을 그대로 노출시켜 전시품들을 직접 만져보고 질감을 느끼면서 실감나게 감상할 수 있다는 점으로 전통문화의 산교육장 역할을 해 오고 있다. |- 이용시간: 동절기 : 오전 9시30분 ~ 오후 5시/ 하절기 : 오전 9시 ~ 오후 7시|  -홈페이지: http://www.miribeol.org/,055-391-2882,미리벌민속박물관,2022-10-24
1000028,밀양보트장,기타(운동오락시설), ,경상남도 밀양시 삼문동 707,35.48277065,128.7615142,540702㎡,주차장(남천강변 주차장), , ,영남루 밀양관아지 등 관광지와 어우러져 유람하기에 최적의 환경을 갖추고 있다. |- 운영시간: 평일 오후 1시 ~ 오후 6시(매주 화요일 수요일 정기휴무) 주말/공휴일 오전 10시~ 오후 6시 |탑승요금 : 15000원| - 인원 및 탑승시간 : 2~4인승/ 30분,055-359-5518,안전재난관리과,2022-10-24
1000029,밀양댐생태공원,기타(공원), ,경상남도 밀양시 단장면 고례리 1759-2,35.48550948,128.9315054,936㎡,주차장 화장실 정자, , ,경남 밀양시 양산시 창녕군 3개 지역에 수돗물 및 전력 공급과 홍수 조절을 위해 1991년 착공/ 2001년 11월에 완공되었다. 높이 89m/ 길이 535m/ 총 저수량 7360만t/ 유역면적 104.4km²에 달한다. 밀양시 단장면 고례리/ 양산시 원동면 선리/ 울주군 상북면 이천리에 걸쳐 뻗어 있다. |-댐 정상부 개방 시간 : 3월~10월 : 09:00~17:00/ 11월~2월 : 09:00~16:00 ※ 홍수기 등 사정에 따라 변할 수 있다.,055-359-5393,밀양시청 상하수도과,2022-10-24
1000030,밀양독립운동기념관,기타(전시관람),경상남도 밀양시 밀양대공원로 100,경상남도 밀양시 교동 480,35.50299394,128.7591283,23231㎡,휠체어 유모차 밀양시립박물관소요물품 공동사용, , ,밀양 출신 독립운동가들을 추모하고 민족 및 역사의식을 바로잡기 위해 세워졌으며 2008년 6월 개관하였다. 1919년 3.13 밀양장날만세운동과 의열단/ 한국광복군 등 우리나라의 독립운동에 큰 업적을 남긴 밀양인들의 항일투쟁사가 담겨 있다. 추모공간뿐만 아니라 태극기 만세운동/ 의열단 활동/ 조선의용대 등 다양한 업적에 걸친 전시공간이 마련되어 있으며 독립운동사에 길이 빛나는 밀양의 정신을 엿볼 수 있다. |- 입장료 : 어른 1000원/ 청소년 700원/ 어린이 500원|- 관람시간 : 오전 9시~오후 6시(매주 월요일/ 1월 1일/ 명절 당일 휴관) | *해당 입장권은 밀양시립박물관 및 밀양화석전시관을 함께 관람 가능한 통합입장권 |- 홈페이지: http://www.miryang815.or.kr/,055-359-6060,밀양독립운동기념관,2022-10-24
1000031,밀양시국궁장,기타(운동오락시설),경상남도 밀양시 활성로 24-105,경상남도 밀양시 활성동 521,35.49104006,128.7842383,807㎡,화장실 주차장, , ,밀양 지역의 전통 깊은 국궁장 중 하나로 활성동의 살내마을에 밀양시 국궁장을 건립 및 통합하여 운영하고 있다. 심신을 단련할 수 있는 전통 활쏘기 체험이 가능한 밀양시 국궁장이기도 하다. |- 운영시간: 07:00~20:00|- 휴관일: 매주 2 4번째 수요일 및 공휴일|- 이용요금: 2시간 800원/ 1개월 13000원|- 강습요금: 초등학생: 11000원 중고생 및 노인: 13000원 일반인: 15000원(1개월/ 주2회)| - 홈페이지: https://www.myfmc.or.kr/sub/02_09.php,055-359-4600,밀양시시설관리공단,2022-10-24
1000032,밀양시립박물관,기타(전시관람),경상남도 밀양시 밀양대공원로 100 밀양시립박물관독립운동기념관,경상남도 밀양시 교동 485-4 ,0,0,23231㎡,주차장 장애인화장실/장애인 엘리베이터 휠체어대여(4) 유모차(4), ,135대,경상남도 내에서 가장 오래된 공립박물관(1973년 개관)으로 2008년 6월 20일 현재 장소로 이전 개관하였다. 지하1층/ 지상 3층으로 삼한시대부터 조선시대까지 밀양의 역사와 전통문화를 조명해 볼 수 있으며 사명대사 유묵과 밀양12경도 등 다양한 향토자료들이 전시돼 있다. |- 관람시간 : 09:00~ 18:00|- 입장시간 : 09:00~ 17:00 ※ 매주 월요일 휴관|- 홈페이지 : https://www.miryang.go.kr/msm/index.do,055-359-5589,밀양시립박물관,2022-10-24
1000033,밀양아리랑대공원,기타(공원), ,경상남도 밀양시 교동 492,35.5045526,128.7608935,4255㎡,주차장 장애인전용주차, ,200대,2002년도 부터 조성된 우리시 대표 근린공원으로 원래 명칭은 “밀양대공원”이었으나 우리나라 3대 아리랑인 “밀양아리랑”의 구심적 역할을 할 수 있는 공간적 실체 확보를 위해 2017년도에 “밀양아리랑대공원”으로 명칭을 변경하였다. 공원내 시설로는 밀양아리랑아트센터/ 밀양시립박물관/ 충혼탑/ 아리랑동산(출향의 숲/ 탄생의 숲/ 시민의 숲)/ 아리랑고갯길/ 도토리 모험놀이터/ 수변데크 등이 있어 많은 시민들의 휴식 공간으로 활용되고 있다. 아울러 현재 공원 내 “국립 밀양기상과학관”/ “밀양아리랑 우주천문대”가 조성되어 천혜의 자연환경과 첨단시설이 어울어진 명품공원으로 각광을 받고 있으며 많은 시민과 외부 관광객이 방문을 하고 있다.,055-359-5362,밀양시청 산림녹지과,2022-10-24
1000034,밀양아리랑아트센터,기타(전시관람),경상남도 밀양시 밀양대공원로 112,경상남도 밀양시 교동 487,35.50421543,128.7588842,36158㎡,장애인화장실/엘리베이터/주차/휠체어대여/수유실,1001명,258대,밀양문화관광재단이 운영하는 다목적 공연장으로 765석의 대공연장과 236석의 소공연장 별관(전시관) 등이 있으며 2022년 제40회 대한민국 연극제(2022.07.08.-2022.07.30.)가 이곳에서 열릴 예정이다. 공공예술 프로젝트인 문화만발展을 통해 밀양아리랑전시관 팝업 갤러리 연습실 등이 상시 개방되고 있다.(2022.07.14 기준) 밀양아리랑아트센터는 효율적 운영을 위해 멤버십 제도를 운영중이며 희망하시는분 누구나 가입할 수 있으며 회원들에게는 각종 혜택이 주어진다. 멤버십 가입은 밀양문화관광재단 홈페이지 또는 사무실 안내데스크 등 방문을 통해 가능하다. |- 홈페이지: http://www.mycf.or.kr/sub/03_01.php,055-359-4500,밀양문화관광재단,2022-10-24
1000035,밀양아리랑우주천문대,기타(전시관람),경상남도 밀양시 밀양대공원로 86,경상남도 밀양시 교동 480-5,35.50246348,128.7606799,2943㎡,장애인화장실 엘리베이터 주차장 휠체어대여 수유실,300명,110대,국내 유일의 외계행성 및 외계생명에 특화된 천문대이다. 세계 최초 음성인식제어시스템이 설치된 70cm 반사망원경 등 국내 최고의 관측장비와 국내 최초로 해설자 및 관객들의 쌍방향 커뮤니케이션이 가능한 천체투영관 및 흥미로운 전시체험시설이 마련되어 있다. |<주간개관: 연중> 관람시간: 오전10시 ~ 오후5시30분(매표시간 : 오전10시 ~ 오후4시30분)|<야간개관: 4월~8월> 관람시간: 오후8시(매표시간 : 오후7시30분 ~ 오후8시30분까지)|<야간개관: 9월~다음 연 3월> 관람시간 : 오후7시(매표시간: 오후7시30분 ~ 오후8시30분) |- 이용요금 : 시설/ 개인 별 가격 상이(홈페이지 참고) |- 홈페이지: https://www.miryang.go.kr/astro/main/,055-359-4734,밀양아리랑우주천문대,2022-10-24
1000036,밀양연꽃단지,기타(공원),경상남도 밀양시 부북면 창밀로 3097-23,경상남도 밀양시 부북면 가산리 22-3,35.53239582,128.7033673,71472㎡,주차장 화장실, , ,밀양연꽃단지는 밀양연극촌 주변 40필지 74675m² 규모의 '살기 좋은 지역 만들기' 사업 일환 중 하나이다.  아름다운 가산숲과 밀양연극촌의 상생효과를 높이고 시민과 관광객에게 편안한 쉼터 제공 및 연꽃·수변식물 관찰 및 연잎·연근수확체험 등을 위해 조성되었다. 밀양아리나(공연장) 근처에 위치해 있어 함께 관광하기에 용이하다. ,055-359-7163,밀양시청 미래농업과,2022-10-24
1000037,밀양읍성,기타(문화유적),경상남도 밀양시 영남루1길 16-5(내일동),경상남도 밀양시 내일동 318-2,35.49244136,128.7568938,75746㎡,주차장, , ,성종 10년(1479)에 처음 쌓아 만들어진 읍성으로 조선시대 읍성 중 상당수가 임진왜란 직전에 만들어진 데 비해 밀양읍성은 100년 이상 일찍 만들어졌다. 임진왜란 당시 왜군의 공격으로 무너졌으나 1606년에 복구되었다. 1902년에 성문과 성벽을 모두 헐어 경부선 철도부설공사에 이용하여 지금은 성문의 위치와 일부 성곽만 남아 있다., 055-359-5641,밀양시청 문화예술과,2022-10-24
1000038,밀양치즈스토리,기타(체험마을),경상남도 밀양시 부북면 퇴로로 227,경상남도 밀양시 부북면 퇴로리 280-5,35.54851531,128.7001083,1504㎡,주차장 화장실 샤워장, ,8대,자연과 함께 즐기는 오감만족 체험배움터로 치즈를 이용한 체험뿐만 아니라 피자만들기/ 동물먹이주기/ 레일썰매타기 등 다양한 체험들을 제공하고 있다. 체험은 약 3시간에서 3시간 30분 정도 소요되며 체험 예약 시 희망일 3일 전까지 신청이 완료되어야 한다. |<운영시간> 매일 09:00 - 17:00 (매주 월요일 휴무)|<체험비용> - 치즈&피자 스토리체험: 26000원| - 치즈 스토리체험: 20000원/ 피자 스토리체험: 20000원| - 찾아가는 밀양치즈스토리(방문체험): 30000원 |- 홈페이지: http://cheesestory.co.kr/wp/?page_id=962,055-356-2231,밀양치즈스토리,2022-10-24
1000039,밀양퇴로마을,기타(체험마을),경상남도 밀양시 부북면 퇴로로 233,경상남도 밀양시 부북면 퇴로리 305 ,35.54887238,128.7006752,620㎡,주차장, , ,밀양 부북면 화악산둥지권역에 위치한 퇴로고가마을은 화악산에 둘러쌓여 있으며 소하천을 따라 아름다운 저수지를 형성하여 농촌의 목가적인 분위기를 느낄 수 있는 곳이다. 이곳 퇴로고가체험마을에서는 감자 및 고구마 수확/ 김치담그기 등의 농촌체험과 천연비누만들기/ 한지공예 등 다양한 공예 관련 체험학습이 마련되어 있다. 체험비용은 1인 기준 1만원이며(프로그램 1개당) 고가 및 전통문화관 숙박의 경우 고가체험민박(1실/6명) 전통문화관(4실/5~6명)에서 이용 가능하고 비용은 1박 기준 10만원이다. |- 홈페이지: http://www.xn--2o2b2z590avmk.com/index.php,070-7313-7022,밀양퇴로마을,2022-10-24
1000040,밀양향교,기타(문화유적),경상남도 밀양시 밀양향교3길 19,경상남도 밀양시 교동 733 밀양향교,35.50648192,128.7545675,5068㎡,주차장 화장실, ,9대,밀양향교는 좌묘우학의 배치를 보이는 병렬식 향교의 대표사례로 대성전과 명륜당이 좌향을 달리하는 경우는 밀양향교가 유일하다. 밀양향교 대성전은 임진왜란으로 향교의 전각들이 모두 소실된 후 1602년에 현 위치로 향교를 옮겨 중건하였다. 이후 1617년에 현 명륜당 동남쪽 아래로 이건하였다가 1820년에 명륜당의 서쪽인 본래 위치(현위치)로 이건하였다. 이건하면서 17세기의 공포는 배면에 19세기의 공포는 전면에 사용하여 200년이란 시차를 두고 조선중기와 후기의 시대적 건축기술의 흐름과 특징을 모두 보여주고 있다. 밀양향교 대성전은 임란 때 소실된 후 1602년에 중건되어 건립시기가 빠른 편에 속한다.,055-359-5640,밀양시청 문화예술과,2022-10-24
1000041,박시춘옛집,기타(문화유적),경상남도 밀양시 영남루1길 16-5(내일동),경상남도 밀양시 내일동 318-2 박시춘생가,35.49244136,128.7568938,23092㎡,주차장 화장실, , ,신라의 달밤/ 이별의 부산정거장 등 1950-1960년대 히트곡을 제작한 작곡가 박시춘의 생가로 밀양 영남루 뒷문 방향에 위치해 있다. 그는 30년간 작곡가로 활동하면서 3000여곡을 작곡하여 대중음악 발전에 이바지하였고 그 공로를 인정받아 1982년 문화훈장보관장을 받았다고 전해진다. 2001년 밀양시에서 옛집(생가)를 복원하였고 이곳은 박시춘이 7세부터 11세까지 거주했던 곳이다. ,055-359-5649~50,밀양시청 문화예술과,2022-10-24
1000042,밀양백운산,기타(산),경상남도 밀양시 산내면 산내로 1647-3,경상남도 밀양시 산내면 삼양리 산1-1,35.60454911,128.9961377,8512797㎡,, ,,가지산(실혜산)의 앞가슴에 해당하는 산으로 산 전체가 한 조각의 흰 구름처럼 보이는 화강암으로 이루어져 유래된 이름이다. 산의 동편 하단부에 유명한 시례 호박소가 있고 동편 산허리에 구룡폭포가 있으며 서편에는 우리나라 굴지의 산내 중석광이 있다. 남쪽 건폭은 일년 내내 산악인들의 암벽등반 훈련장이 되고 있다. |- 1코스 : 남명초교-백운산 → 총4시간,055-359-5297,밀양시청 산림녹지과,2022-10-24
1000043,변계량비각,기타(문화유적),경상남도 밀양시 초동면 신호3길 5,경상남도 밀양시 초동면 신호리 204-1,35.40662027,128.6939351,502㎡,주차장, ,,조선 전기 문신이었던 변계량과 그의 아버지 판서공 변옥란 친형인 춘당 변중량의 행적을 기록해 놓은 비를 보호하고 있는 비각이다. 변계량은 조선 건국 초기에 예조판서 등의 여러 중요한 관직을 거쳤으며 특히 문장에 뛰어나 20여년간 대제학을 맡아 외교문서를 작성하였다. 세종 때에는 『태조실록』의 편찬과 『고려사』수정 작업에 참여하였다. 변옥란은 고려말에 3판서를 지내고 이성계를 추대하여 조선 개국의 공신이 되었다. 변중량은 조선 태조 때 좌승지를 지냈으며 시문(詩文)에 능하였다. 담장이 둘러싸인 자그마한 비각으로 ‘변씨 3현 비각’이라 불리기도 한다. 이 비각은 1946년에 후손들이 세운 것으로 그들의 행적을 기리고 옛 자취를 기념하고자 고향인 이곳에 터를 잡았다.,055-359-5640,밀양시청 문화예술과,2022-10-24
1000044,보현박물관,기타(전시관람),경상남도 밀양시 단장면 고례로 766-21,경상남도 밀양시 단장면 고례리 1604,35.48683922,128.927601,3094㎡,주차장 화장실 휴게실, ,,대구보건대학교 보현박물관은 영남의 교통중심지이자 수려한 자연과 빛나는 문화유적을 자랑하는 경남 밀양시 단장면에 위치하고 있으며 대구보건대학교 연수원 내에 2016년 6월 개관 후 2021년 경상남도 제2종 박물관에 등록되었다. 국민보건향상을 위하여 창의성이 풍부하고 성실한 인품을 지닌 유능한 인재를 양성한다는 대구보건대학교의 설립이념을 실현하기 위해 설립되어 인문학적 감성으로 문화를 향유하고 지역민의 문화 누림을 함께하는 지역 최고의 문화예술교육기관으로써의 역할을 수행하고 있다. 지역예술가와의 협업을 통한 차별화된 전시·교육프로그램·문화행사를 운영하여 지역민과 관람객에게 다양한 문화예술을 접할 수 있는 기회와 휴식 공간을 제공하고 있다. | - 홈페이지 : https://museum.dhc.ac.kr/main,055-356-1122,대구보건대학교 보현박물관,2022-10-24
1000045,사명대사유적지,기타(문화유적),경상남도 밀양시 무안면 사명대사생가로 681,경상남도 밀양시 무안면 고라리 306 사명대사유적지,35.49796631,128.6036153,49146㎡,주차장 화장실, ,,밀양출신인 사명대사의 호국정신과 애민애족의 숭고한 얼을 기리기 위해 지난 1999~2006년까지 부지면적 49146㎡ (기념관 40670㎡/ 유적지 8476㎡)에 사명대사 동상과 사명대사 기념관/ 추모공원/ 기념비 등을 조성하여 역사의 산 교육장으로 활용하고 있다. 이곳은 수백 년 동안 풍수사(風水師)들이 찾아와 전하기를 뒷산은 천리를 달려온 목마른 말이 엎드려 물을 먹는 형상이요 주산은 동자형(童子形)이며 그 아래 좌청룡과 우백호가 감돌고 맑은 연못이 있다. 안산은 범이 엎드려있고 원안은 보검인데 외원안 다섯 봉우리가 읍(揖)을 향하고 있는 형국이라 하여 삼국의 명장(三國名將)이 날 명산이라 하였다.,055-359-5583,사명대사 생가지 사무소,2022-10-24
1000046,산성산,기타(산), ,경상남도 밀양시 활성동 산 36-18,35.48488498,128.796711,130196㎡, , ,,산성산은 별로 높지 않은 산으로 고적답사 차원에서 적합한 산이며 특히 가족 동반으로 조용한 산행을 즐길 수 있다. 밀양역에서 택시로 (5000원) 활성교 다리에 내려 다리를 건너 상점 오른쪽길 따라 오르면 금시당에 도착한다. 버스는 구 시청 앞에서 2시간 마다 용활동 방면 버스가 있으나 매우 불편하다. 산행은 금시당 윗길을 올라 왼쪽으로 호젓한 산길에서 시작된다. 산성산의 정상에는 할머니 묘소가 있는데 할미꽃이 무덤 위에 피어났다. 하산길은 내리막길의 연속이다. |- 1코스 : 금시당-팔각정-산성산(정상)-팔각정-나무계단(용두목 방향)-금시당 → 총1시간30분,055-359-5297,밀양시청 산림녹지과,2022-10-24
1000047,산외면해바라기꽃단지,기타(공원), ,경상남도 밀양시 산외면 남기리 835,35.5078677,128.7806895,29723㎡,주차장 화장실, , ,산외면 기회송림 옆 하천변에 1만 5천평 면적의 대규모 해바라기 꽃단지가 조성되어 8~9월이면 황금빛 꽃물결을 이룬다. 파종시기에 따라 10월에도 해바라기를 볼 수 있고 백일홍과 댑싸리 등 다양한 풍경과 개구쟁이 포토존/ 나비 포토존/ 원두막 쉼터 등 예쁜 시설물이 있다. 특히 해바라기 꽃단지에는 꿀벌 메뚜기 나비 무당벌레 등 곤충을 쉽게 볼 수 있어 어린아이들에게 체험 학습장으로 인기가 많다. 주변 관광지로는 혜산서원/ 얼음골/ 호박소/ 사자평/ 억새/ 얼음골케이블카/ 표충사 등이 있다.,055-359-6623,밀양시 산외면 총무담당,2022-10-24
1000048,삼랑진양수발전소,기타(전시관람),경상남도 밀양시 삼랑진읍 행곡로 38,경상남도 밀양시 삼랑진읍 안태리 319,35.41281462,128.8757861,9289㎡,주차장, ,20대,우리나라에서 두번째로 건설된 양수발전소로서 전력계통의 효율성 제고를 위하여 30만kw급 발전기 2기를 건설/ 총60만kw의 시설을 보유하고 있는 순양수식 지하발전소이다. 전력생산은 물론 환경과 조화를 이룬 발전 설비로 많은 볼거리와 휴식공간을 제공하고 있다. 상하부 저수지 및 주변공원은 방문객들의 휴식처로 이용되고 있으며 전력 홍보관을 운영하여 학생들의 과학학습장으로도 각광을 받고 있다. 특히 발전소 진입로에서 안태호에 이르는 5km의 벚꽃 터널은 장관을 이룬다. 2008년 5월 완공한 3000kw의 태양광발전설비도 새로운 관광명소로 알려져 있다.,055-350-3286,삼랑진양수발전소 홍보관,2022-10-24
1000049,상동명품장미꽃길,기타(테마길), ,경상남도 밀양시 상동면 안인리 1043-28,35.52621049,128.767671,623㎡,주차장, , ,상동면 신안마을부터 안인리 일원에 조성된 명품 장미꽃길은 총 6.6km 길이에 붉은 장미가 식재되어 있어 드라이브 코스나 연인들의 데이트 장소 가족들의 산책길로 제격이다. 해마다 5월 중순이면 붉은 장미가 만발하여 푸른 녹음과 어우러져 장관을 이루며 장미축제도 열려 볼거리가 풍성하다. 주변 관광지로는 신안운신문화마을 상동터널 박연정 혜산서원 민물고기전시관 기회송림 등이 있다.,055-359-6605,상동면 산업경제담당,2022-10-24
1000050,새미음식문화예술촌,기타(체험마을),경상남도 밀양시 상동면 상동로 576,경상남도 밀양시 상동면 금산리 875-2,35.55488898,128.7624171,9232㎡,주차장, , ,맑은 물 볕 좋은 밀양 상동의 자연이라는 그릇에 정성과 건강을 담는 우리음식문화 전달의 역할을 하고자 한다. 밀양시의 동쪽 영남 알프스 백마산 자락에 위치한 평리. 생산자와 소비자가 만나는 소통의 場을 열어 밀양의 생명력 있는 로컬푸드 식재료를 이용한 체험활동과 계절밥상을 위한 팜파티(Farm Party)를 실시한다.|- 1회 체험비 3만원/5만원|- 자세한 체험 내용은 밀양시청 문화관광 홈페이지 참고|- 새미음식문화 예술촌 : https://www.miryang.go.kr/tur/index.do?mnNo=40308000000,055-353-3599,연담,2022-10-24
1000051,소태리5층석탑,기타(문화유적), ,경상남도 밀양시 청도면 소태리 1138-2,35.56152798,128.6267358,195㎡,주차장/화장실, ,6대,"1963년 1월 21일 보물로 지정되었다. 높이 4.63ｍ, 재료는 화강석이다. 기단은 1단으로 지대석(地臺石) 위에 4매의 장석(長石)으로 구성되고 각면에 2좌씩 안상(眼象)이 조각된 간단한 구조이며, 상부에는 갑석형(甲石形)을 표현한 턱이 얕게 돌려 있고 윗면은 거의 수평을 이루고 있다. 대석 위의 탑신받침은 고려시대 석탑에서 흔히 볼 수 있는 별석(別石)으로 연꽃 무늬가 조각된 받침을 끼웠다. 탑신부는 초층(初層) 옥신(屋身) 이외에는 각층의 옥신과 옥개석(屋蓋石)이 1석으로 되어 있다. 옥개석의 받침은 각층 3단으로 줄었고 추녀는 끝이 약간 들려 있어 고려시대 석탑의 특징을 보여준다. 상륜부(相輪部)에는 우주형(隅柱形)과 갑석형이 얕게 조각된 노반(露盤)이 남아 있고, 그 위에 쇠로 만든 찰주(擦柱)의 일부가 남아 있다. 1919년에 이 상륜부에서 발견된 당탑조성기(堂塔造成記)에 따르면 1109년(고려 예종 4)에 조성된 것으로 추정된다. 이 석탑은 기단구성에서 이례적인 형식을 보이며, 탑신부의 조형에서도 여러 곳의 특이한 양식, 규율성 있고 건실한 수법 등의 특색을 보여주는 작품이다.",055-359-5644,문화관광과,2022-10-24
1000052,삼문수변공원,기타(공원), ,경상남도 밀양시 삼문동 1-1,35.49027013,128.7579479,23902㎡,주차장/화장실, , ,“물의 도시”인 밀양시는 “한국의 아일랜드 파크”로 지칭될 정도로 치수와 하천가꾸기 사업이 잘된 도시이다. 응천(凝川) 또는 남천(南川) 을자(乙子)강 등으로 역사의 변천에 따라 이름이 달리 지칭되었던 밀양강은 1995년부터 10여년에 걸쳐 생태계 복원과 자연형 하천조성사업을 추진한 결과 맑은 물이 도심지를 감싸 흐르고 광활한 강변 둔치는 울창한 삼문송림과 용두연 유원지를 연계하여 유채꽃밭과 암각화조각공원 야외공연장 각종 체육시설 등 시민들과 관광객들이 여유 있는 휴식공간으로 활용할 수 있도록 하였다. 삼문동 송림 내 조성된 구절초 단지에는 10월이면 10만여 본의 구절초가 송림 숲을 하얗게 물들이고 그윽한 향기가 진하게 풍긴다. 송림과 어우러진 구절초 단지는 연인과 가족들이 산책을 즐길 수 있고 사진작가들의 촬영 명소로도 유명하다. 구절초를 감상한 후 둑길을 넘어가면 영남루가 보이고 밀양강변을 따라 계속 걸어가면 코스모스 꽃단지와 핑크뮬리도 볼 수 있다.,055-359-5780,체육진흥과,2022-10-24
1000053,수산제역사공원,기타(공원), ,경상남도 밀양시 하남읍 수산리 927,35.38278805,128.7161067,24725㎡,주차장/화장실, ,33대,삼한시대 3대 수리시설 중 하나로 전북 김제 벽골제·충북 제천 의림지와 함께 밀양 수산제가 있다. 교과서에만 나오던 밀양 수산제는 지난 1986년에 수문을 비롯한 여러 흔적이 발견됐고 그 후 복원 추진을 논의했으나 오랫동안 중단돼 왔다. 그러나 2017년부터 밀양시가 본격적으로 정비복원사업을 시작해 마침내 2019년 ''수산제 역사공원''이라는 이름으로 시민들과 관광객들의 힐링공간이자 탐방 공간으로 완공했으며 다양한 식물과 농업의 이해를 돕는 체험공간 등이 있어 아이들의 자연탐구교실로도 손색이 없다.,055-359-5861,관광진흥과,2022-10-24
1000054,숭진리3층석탑,기타(문화유적), ,경상남도 밀양시 삼랑진읍 숭진리 412-1,35.46077117,128.8118591,255㎡, , , ,"1968년 12월 19일 보물로 지정되었다. 높이 3.2m이다. 3층 옥개석(屋蓋石)은 떨어져나갔고, 기단(基壇)의 면석(面石) 하부 이하는 매몰되어 있다. 따라서 지대석은 분명하지 않으나 기단은 단층이다. 기단의 면석은 4장의 판석(板石)으로 짰으며, 좌우면은 우주(隅柱)가 각출된 판석이고, 전후면은 우주가 없는 판석을 끼워넣었으나, 탱주(撑柱)는 표시되지 않았다. 갑석(甲石)은 2장의 돌로 되었으나 면석에 비하여 너비가 좁아 안정감이 없으며 밑에는 부연(副椽)이 있고 윗면은 경사를 이룬 가운데 비교적 높은 몰딩이 있어 탑신부를 받쳤다. 탑신부의 1·2층 옥신은 각각 하나의 돌로 이루어졌고, 1층 옥개석도 하나의 돌로 만들었으나 2층 옥개석과 3층 옥신을 하나의 돌로 만든 것은 시대의 변천과정을 잘 보여준다. 옥신에는 각각 우주의 모양만 새기고 표면장식은 없으며 탑신의 체감률이 심하여 기단부보다 빈약해 보인다. 옥개석 받침은 각층이 3단으로 줄었고, 추녀 밑은 직선이나 낙수면은 비교적 급경사를 이루고 있다. 3층 옥신 윗면의 중앙에는 1변 13cm, 깊이 9cm의 네모진 사리공(舍利孔)이 있고, 3층 옥개석 윗면 중앙에는 지름 7cm, 깊이 10cm의 탱주공(撑柱孔)이 있다. 상륜부는 모두 없어졌다.",055-359-5644,문화관광과,2022-10-24
1000055,밀양숲속마을,기타(체험마을),경상남도 밀양시 청도면 청도로 105-11,경상남도 밀양시 청도면 구기리 105,35.54977843,128.6251136,4349㎡,주차장/화장실, ,5대,밀양 숲속마을은 예로부터 맑고 조용한 마을로 알려져 있다. 보물 제312호인 소태리 5층 석탑 박익선생 벽화묘 남계서원 인산리 지석묘 등 역사적 유물과 아름드리나무들이 군락을 이루고 있는 마을숲으로 유명한 당숲이 옆에 있어 아름다운 자연경관을 느낄 수 있는 마을이다. 숲속마을은 워크숍과 가족단위의 휴양을 즐길 수 있으며 청도어울림마당 어린이 물놀이장 바비큐장 인조잔디구장 강의실 등을 갖추고 있다. 대표체험에는 물놀이체험이 있으며 농산물 수확체험 두부만들기체험 도자기체험 전통음식체험 등 다양한 체험프로그램을 진행하고 있다.|- 홈페이지 : http://www.xn--hz2b35leoak6n.net/,055-356-9600,밀양숲속마을,2022-10-24
1000056,시례호박소,기타(휴양시설), ,경상남도 밀양시 산내면 삼양리 산11-3,35.58869204,128.9982316,96316㎡,주차장 화장실, , ,백옥 같은 화강암이 수십만 년 동안 물에 씻겨 커다란 소(沼)를 이루었는데 그 모양이 마치 절구(臼)의 호박 같이 생겼다하여 호박소 또는 구연(臼淵)이라고 한다. 동국여지승람 구연 기우소(臼淵祈雨所)에 따르면 “세상에 전하기를 이곳에 옥황상제에게 벌을 받아 용이 되어 하늘로 승천하지 못한 이무기가 살고 있으며 깊이는 헤아릴 수 없고 가뭄에 범의 머리를 넣으면 물이 뿜어 나와서 곧 비가 되는데 연못 속에 더러운 것이 들어오면 그것을 씻어 내기 위해 조화를 부리기 때문이다”라고 했다.,055-359-5361,산림녹지과,2022-10-24
1000057,아랑각,기타(문화유적),경상남도 밀양시 중앙로 324 영남루,경상남도 밀양시 내일동 40,35.49169516,128.7550696,125㎡,주차장, , ,아랑의 억울한 죽음을 애도하고 장미꽃보다도 더 검붉은 아랑 낭자의 정열을 연민하며 영남루 아래 죽림 속에 사당을 세워 혼백을 위로하는 곳이다. 매년 밀양아리랑대축제 행사를 통하여 선발된 모범 규수들이 제관이 되어 이곳 아랑각에서 음력 4월 16일 제향을 올리고 있으며 현재의 아랑 영정은 박정희 대통령 영부인 육영수여사가 아랑사당에 영정이 없는 것을 안타깝게 여겨 이당 김은호 화백의 솜씨를 빌어 제작한 것을 1963년 10월 9일 직접 밀양을 방문하여 혜사한 것이다.,055-359-5590,문화예술과,2022-10-24
1000058,어변당,기타(문화유적),경상남도 밀양시 무안면 연상1길 31,경상남도 밀양시 무안면 연상리 394,35.45798446,128.666286,1792㎡,주차장, , ,어변당은 조선초 장수였던 어변당 박곤(朴坤)장군이 무예와 학문을 닦던 곳이다. 박곤은 무과에 응시하여 초시·복시·전시를 거쳐 21세에 장원급제하였고 세종 1년(1419년) 최윤덕 장군의 막하(幕下)로서 대마도정벌·남해 왜구 토벌에 큰 공을 세운바 있다. 현재 중앙에는 충효사(忠孝祠)가 있고 어변당앞에는 박곤이 만들었다는 연못인 적룡지(赤龍池)가 있다.,055-359-5639,문화관광과,2022-10-24
1000059,억산,기타(산), ,경상남도 밀양시 산내면 원서리 산 2,35.62454817,128.9389122,6406024㎡, , ,,운문산(1188m) 서쪽 능선에 솟은 억산은 동남쪽으로 영남알프스의 산군들을 우러르며 섰다. 운문사 안쪽으로는 일반인의 출입이 통제되기에 대부분 억산 남쪽인 밀양시 산내면에서 오르는 등산로를 이용한다. 억산(億山)이라는 이름이 많고 많은 산이라는 뜻을 품었는지 정상에 서면 사방으로 산만 보인다. 정상 아래의 깨진바위를 지나 사자봉·바위전망대·수리봉으로 이어가는 능선은 바위가 많아 조망이 더없이 시원하다.|- 억산1코스 : 석골사-선녀폭포-팔풍재-억산(정상) → 총 2시간30분|- 억산2코스 : 석골사-선녀폭포-팔풍재-억산(정상)-깨진바위-봉의저수지 → 총 5시간30분,055-359-5297,산림녹지과,2022-10-24
1000060,얼음골,기타(휴양시설), ,경상남도 밀양시 산내면 남명리 산 95-2,35.57356853,128.9844111,119700㎡,주차장/화장실, , ,해발 1189m의 천황산 북쪽 중턱 해발 600m지점의 얼음골 계곡은 삼복(三伏)한더위에 얼음이 얼고 처서가 지날 무렵부터 얼음이 녹는 신비로운 이상기온 지대이다. 약 3000평쯤 되는 이 돌밭에는 해마다 6월중순부터 바위틈새에서 얼음이 얼기 시작하여 더위가 심해질수록 얼음이 더욱 많아지는 삼복더위가 한창일 때 그 절정에 이르고 반대로 가을철에 접어들면서부터 얼음이 녹기 시작하여 겨울철에는 바위틈에서 얼음대신 더운김이 올라오고 계곡을 흐르는 물도 얼지 않는 이상기온 지대이다.,055-356-5640,얼음골관리사무소,2022-10-24
1000061,얼음골축음기소리박물관,기타(전시관람),경상남도 밀양시 산내면 산내로 926-1,경상남도 밀양시 산내면 원서리 112-3,35.59818667,128.9352691,971㎡,주차장 화장실,100명,15대,얼음골축음기소리박물관은 주변에 영남의 알프스라 불리는 대표적인 관광명소인 밀양 얼음골 입구 대로변에 자리 잡고 있다. 1층에는 기획전시실 · 제1전시실이 있으며 2층에는 2 3 4 전시실과 교육실이 갖추어져 있다. 초기 소리 과학 유물인 태엽식 축음기·진공관 전축·진공관 라디오·초기 전화기 등 소리 과학기술을 주제로 한 유물을 보존 전시하고 있다.|- 개관시간 : 동절기 9:00~18:00/하절기 9:00~20:00|- 요금 : 성인 5000원/청소년 4000원/소인 3000원/경로·장애우·밀양시민·군인 3000원(단체 가격 홈페이지 참고)|- 홈페이지 : http://epsmuseum.co.kr/,055-354-8878,얼음골축음기 소리박물관,2022-10-24
1000062,영산정사,기타(문화유적),경상남도 밀양시 무안면 가례로 233,경상남도 밀양시 무안면 가례리 1297-2,35.49076225,128.5849651,7890㎡,주차장, , ,영산정사는 각국의 불교문화를 조명해 볼 수 있는 답사지로 널리 알려져 있다.탑 형상을 한 7층 건물의 성보박물관에는 기네스북에 등재된 100만과의 부처님 진신 사리를 비롯한 8만대장경 원본인 10만 패엽경과 국내는 물론 인도와 미얀마 태국 스리랑카 티베트 등 해외 각국에서 수집한 2천여 점의 진귀한 불교문화재를 소장하고 있어 불교에 관한 다양한 정보를 접할 수 있는 곳이다.,055-356-0181,영산정사,2022-10-24
1000063,영남루,기타(문화유적),경상남도 밀양시 중앙로 324 영남루,경상남도 밀양시 내일동 40,35.49169516,128.7550696,8763㎡,주차장, ,33대,1963년 1월 21일 보물 제147호로 지정되었다. 정면 5칸 측면 4칸의 팔작지붕이다. 조선시대의 밀양군 객사였던 밀양관의 부속건물로서 밀양 강가의 절벽 위에 위치한다. 건물 기둥이 높고 사이를 넓게 잡아 웅대하다. 좌우의 부속건물들과는 층계로 된 월랑(月廊)과 헌랑(軒廊)으로 연결하여 건물 전체 배치에 변화를 주었으며 규모도 더 커졌다. 누마루 주위에는 난간을 돌렸고 기둥 사이는 모두 개방하여 사방을 바라볼 수 있게 하였으며 연회를 베풀기에 알맞은 넓은 공간을 마련하였다.|- 정후문 개방시간 : 매일 09:00 - 18:00,055-359-5590,영남루 관리사무소,2022-10-24
1000064,영남알프스얼음골케이블카,기타(관광명소),경상남도 밀양시 산내면 얼음골로 241,경상남도 밀양시 산내면 삼양리 71,35.58255042,128.9867756,4162㎡,주차장 엘리베이터 화장실,50명,38대,영남알프스 얼음골 케이블카는 왕복식 케이블카로 선로 길이만 1.8km에 달하며 상부역사 해발 1020m 고지까지 재미있게 여유롭게 도달할 수 있다. 케이블카 탑승정원을 50명으로 운행함으로써 가족 친구 연인들의 안락하고 편안한 실내공간을 제공하고자 노력하였다. 천혜의 영남알프스를 조망하고 천황산 하늘정원을 이어주는 신비의 하늘길을 통해 영남알프스 얼음골 케이블카로 새로움을 경험할 수 있다.|- 운행시간 : 월 별 상이(홈페이지 참고)|- 요금 : 대인 15000원/청소년 13000원/소인12000원/경로·장애인·유공자·지역주민 13000원/지역소인 11000원|- 홈페이지 : http://www.icevalleycablecar.com/index.php,055-359-3000,영남알프스얼음케이블카,2022-10-24
1000065,예림서원,기타(문화유적),경상남도 밀양시 부북면 예림서원로 128,경상남도 밀양시 부북면 후사포리 179,35.46619405,128.7298124,5044㎡,주차장 화장실, , ,예림서원은 영남유림의 종장(宗匠)인 점필재 김종직을 사숙(私淑)하던 후학들의 교육기관으로 문충공 점필재 김종직 선생을 주벽(主壁)에 오졸재 박한주 선생을 동벽 그리고 처사송계 신계성 선생을 서벽에 배향하고 밀양유림에서 매년 춘추로 제향을 올리고 있다. 예림서원의 공간 구성은 앞이 낮고 뒤가 높은 지형으로 전형적인 서원 배치 구조인 전학후묘(前學後廟)의 형식을 이루고 있다.,055-359-5639,문화관광과,2022-10-24
1000066,오구촬영지,기타(관광명소),경상남도 밀양시 부북면 퇴로2길 7-38,경상남도 밀양시 부북면 퇴로리 116,35.55156103,128.697684,4959㎡,확인불가, ,,영화 “오구”는 죽음을 앞둔 노모의 씻김굿을 통해 고달픈 이승의 한과 사람들 사이의 갈등을 웃음과 해학으로 풀어낸 작품이다. 2003년 부산국제영화제 파노라마 부문의 공식 상영작으로 등록 문화재 제 152호 밀양 퇴로리 이병수가옥을 주된 배경으로 영화의 90% 이상이 밀양에서 촬영되었으며 밀양시에 거주하는 실제 인간문화재들도 영화에 출연하여 신명난 장면을 연출하였다.,055-359-5633,문화예술과,2022-10-24
1000067,오연정,기타(문화유적),경상남도 밀양시 교동 용평로 477-17,경상남도 밀양시 교동 208,35.50857246,128.773678,141283㎡,주차장 화장실, ,,1995년 5월 2일 경상남도문화재자료 제215호로 지정되었다. 밀성손씨 문중이 소유하고 있다. 조선시대 명종(明宗) 때 김제·울산 군수 등을 지낸 손영제(孫英濟)가 고향으로 돌아와 머물던 별서이다. 임진왜란과 1717년의 화재로 불탔다가 1771년 중건되었으며 1936년에 후손들이 확장·중건했다. ‘ㄱ’자형 평면의 목조와가(木造瓦家)로 돌출부에 누마루가 설치되고 중앙의 2칸은 대청이며 양측에는 온돌방을 들였다. 재료의 마감·건축재료의 비례·건축방식 등이 조선 후기의 건축양식을 변형 없이 나타냈다.|,055-359-5640,문화예술과/밀성손씨문중,2022-10-24
1000068,삼강서원,기타(문화유적),경상남도 밀양시 삼랑진읍 삼랑1길 32-9,경상남도 밀양시 삼랑진읍 삼랑리 631-3,35.3831457,128.818139,3057㎡,없음 추정, ,,1510년(중종 5) 삼랑루 자리에 정자를 짓고 민구연·민구령·민구소·민구주·민구서 등이 같이 수학하였으므로 오우정이라 현판을 달았는데 1563년(명종 18) 지방유림이 5현의 덕행을 추모하여 오우사와 기사비를 건립하고 향사를 지내왔다. 임진왜란으로 일부 건물이 소실되었으며 선현배향과 지방교육의 일익을 담당하여오던 중 1868년(고종 5) 대원군의 서원철폐령으로 훼철되었다. 그 뒤 1904년에 일부 중건하고 1979년 종중에서 확장·개건하여 사림의 공의로 향사를 지내왔는데 지금은 오우정만 남아 있고 이건은 하지 못하였다.,055-359-5637,삼은정,2022-10-24
1000069,우리아이마음숲놀이터,기타(공원), ,경상남도 밀양시 단장면 구천리 305-1,35.53253687,128.9461826,1294㎡,주차장 화장실, ,57대,"청정 영남알프스 밀양의 대자연 속에 위치한 우리아이마음숲 놀이터는 2019년 9월에 완공하여 개장하였다. 놀이터 내 시설로는 더블돔 플레이, 스파이더 넷타워, 무지개 그네, 나무집 놀이터 등 6종의 놀이기구가 있으며 표충사, 산책로, 계곡과 연계하여 다양한 세대(조부모, 부모, 아이)가 함께 자연과 동화되어 뛰어놀 수 있는 자연친화적 열린 공간이다.",055-359-5863,관광진흥과,2022-10-24
1000070,월연정,기타(문화유적),경상남도 밀양시 용평로 330-7,경상남도 밀양시 용평동 2-1,35.49868769,128.779879,848㎡,주차장 화장실, , ,월연정은 한림학사등 여러 요직을 지내다가 기묘사화를 예견하여 벼슬을 버리고 낙향한 월연 이태선생이 중종20년(1520년)에 세운 정사로 처음에는 쌍경당이라 편액하였다. 그 후 임진왜란때 소실되었던 것을 영조33년(1757년)에 8대손인 월암 이지복이 쌍경당을 복원하였다. 월연정은 가장 좌측인 남쪽에 있으며 동향을 하고 정면 5칸 측면 2칸의 5량구조로 팔작지붕을 한 이익공계 건물이다. 1985년 1월 14일 경상남도유형문화재 제243호로 지정되었다.,055-359-5639,문화관광과,2022-10-24
1000071,위양지,기타(관광명소), ,경상남도 밀양시 부북면 위양리 294,35.54627015,128.7161091,60899㎡,주차장, ,40대,신라시대 때 농업용수 공급을 위해 축조된 저수지로 백성들을 위한다는 의미에서 위양지라고도 한다. 저수지 가운데에 5개의 작은 섬과 완재정 이라는 작은 정자가 있다. 이팝나무 등 진귀한 나무들을 심어 사시사철 아름다운 운치를 즐길 수 있는 곳으로 선비와 문인학자들이 즐겨 찾았던 명소이다. 특히 매년 이팝나무 꽃이 만발하는 시기가 되면 그 아름다운 절경이 절정을 이룬다.,055-359-5633,문화예술과,2022-10-24
1000072,밀양의열기념관,기타(전시관람),경상남도 밀양시 노상하1길 25-12,경상남도 밀양시 내이동 901,35.49358752,128.7509338,150㎡,주차장, ,12대,"전국 최초로 건립된 의열기념관은 “자신의 목숨을 돌보지 않고 충의(忠義)에 앞장선 사람”을 일컫는 의열지사(義烈志士)들의 항일독립투쟁사를 소개하고 있으며 2018년 3월 7일 개관하였다. 1층에는 의열투쟁사 주요연표, 의열투쟁 동영상, 전자방명록, 정보검색대가 있으며, 2층에는 의열단 창립단원 소개, 최수봉 의사 밀양경찰서 투탄내용을 다룬 웹툰 영상이 있다. 그리고 옥상휴게실에는 해천 주변에 자리 잡고 있는 독립운동가 생가터와 항일독립투쟁 유적지 등을 알 수 있는 청동지도판이 있다.",055-359-4742,밀양의열기념관,2022-10-24
1000073,작원관지,기타(문화유적),경상남도 밀양시 작원관지길 95,경상남도 밀양시 삼랑진읍 검세리 110,35.39729859,128.8676219,5147㎡,화장실 주차장,100명,50대,낙동강변의 절벽에 위치하여 부산 동래에서 한양에 이르기 위해서는 문경의 조령관과 함께 반드시 통과해야하는 교통 및 국방상의 2대 관문이었다. 임진왜란 때 밀양 박진장군이 300여명의 병졸로 소서행장이 이끄는 18000여명의 왜적을 맞아 작원관의 천험적인 지리를 이용하여 치열한 혈전을 벌이다 중과부적으로 패배한 처절한 역사의 전적지로 지금도 항전의 고함소리가 들려 올 듯한 애닯고도 유서깊은 전적지이다.,055-359-5639,문화관광과,2022-10-24
1000074,재약산,기타(산), ,경상남도 밀양시 단장면 구천리 산 1,35.53410994,128.9744653,1119㎡, , ,,천년고찰 표충사 뒤에 우뚝 솟은 재약산 (주봉: 수미봉 1018m)은 영남알프스 산군 중 하나로 사자평 억새와 습지를 한 눈에 볼 수 있으며 산세가 부드러워 가족 및 친구들과 가볍게 산행 할 수 있는 아름다운 명산이다. 인근에 얼음골·호박소·표충사·층층폭포·금강폭포등 수많은 명소를 지니고 있으며 수미봉·사자봉·능동산·신불산·취서산으로 이어지는 억새 능선길은 가을 산행의 멋을 느낄 수 있는 최고의 힐링 길이다.,055-352-1150,표충사종무소,2022-10-24
1000075,밀양얼음골사과정보화마을,기타(체험마을),경상남도 밀양시 산내면 산내로 1190 다동,경상남도 밀양시 산내면 삼양리 1002-2,35.58767602,128.9588334,2708㎡, , ,,얼음골사과마을은 천혜의 자연조건에서 재배되는 꿀사과와 신비의 계곡 얼음골 영남의 알프스가 있는 유명 관광지가 많다. 평리마을은 동리의 서북쪽 범도리에서 들어오는 들머리에 있는 마을이다. 고사천을 끼고 있으며 비교적 들판이 넓은 이 지대는 농암대서 흘러내리는 급류로 많은 토사가 쌓여서 이루어진 비옥한 평지 지대이다. 평리 또는 평리라고 하는 것은 평평한 들 판 마을이라는 뜻인데 이 통 안에서는 전답이 제대로 갖추어진 행정 마을의 하나이다. 이 마을 건너 하천 가에 모래동이라는 땀이 있고 동편으로 골짜기를 한참 들어가면 풍류동이라는 아름다운 땀이 자리 잡고 있다. 또 구천 삼거리쪽으로 길이 나 있는 산상의 별구인 소월리(바드리)도 행정적으로는 평리에 소속된 취락이다.|- 홈페이지 : http://icevalley.invil.org/index.html,055-356-5942,밀양 얼음골사과 정보화마을,2022-10-24
1000076,종남산,기타(산), ,경상남도 밀양시 상남면 남산리 산 181-2,35.44280846,128.7183845,662㎡,주차장, , ,덕대산과 더불어 초동면을 동 서 북으로 둘러싸고 있는 산으로 높이는 663m이다. 본래 자각산으로 불리웠으나 밀양땅 남쪽에 있어 남산으로 불렸고 다시 종남산으로 개칭되었다고 한다. 산에 오르면 낙동강 들녘과 밀양 시가지가 한눈에 바라다보이며 정상부에 철쭉 군락지가 자리하고 있어 등산객들에게 인기가 높다.,055-359-6731,상남면,2022-10-24
1000077,영남루(천진궁),기타(문화유적),경상남도 밀양시 중앙로 324 영남루,경상남도 밀양시 내일동 40,35.49169516,128.7550696,531㎡,화장실 주차장,200명,50대,경상남도 유형문화재 제117호. 만덕문을 정문으로 정면 3칸 측면 2칸에 팔작지붕이 얹힌 구조로 중앙 맨 윗자리에는 단군의 영정과 위패가 있고 동쪽 벽에는 부여·고구려·가야·고려의 시조 위패가 서쪽 벽에는 신라·백제·발해·조선의 시조 위패가 모셔져 있다. 영남루 경내에 있는 건물로 원래 이곳은 요선관이 있던 자리이다. 효종 3년(1652)에 지었으며 공진관이라 부르기도 한다. 영조 15년(1739)에 불탄 것을 영조 25년(1749)에 다시 지었으며 헌종 10년(1844)에 크게 수리하였다. 1952년 단군봉안회가 생기면서 단군 및 삼국의 시조왕 · 고려 태조의 위패를 모시면서 대덕전이라 하였으나 1957년에 천진궁으로 이름을 바꾸었다.,055-359-5590,영남루 관리사무소,2022-10-24
1000078,청운리안씨고가,기타(문화유적),경상남도 밀양시 청운2길 20-9,경상남도 밀양시 부북면 청운리 631-6,35.52724076,128.7085568,2457㎡, , ,,경상남도 문화재자료 제113호. 청운리 안씨 고가는 조선 후기 경상도 상류층의 주거 양식을 잘 보여주는 한옥인데 청운리는 광주(廣州) 안씨가 대대로 살고 있는 집성촌이다. 1840년대에 안붕원이 부북면 전사포리에서 이곳으로 이사한 뒤 1870년대에 안채와 별채 2동과 대문을 지었다. 사랑채와 창고 바깥대문 등은 1890년경에 새로 지은 건물이다. 안마당을 중심으로 안채와 좌우의 별채 사랑채 왼쪽 별채에 맞닿은 중문채가 전체적으로 ‘ㅁ’자형을 이루고 있다. 3천석을 거둬들일 정도로 넉넉했던 경제력이 건축에 반영되어 있음을 확인할 수 있다.,055-359-5640,문화예술과,2022-10-24
1000079,초동연가길,기타(테마길), ,경상남도 밀양시 초동면 반월리 164-3,35.38384648,128.6723015,1730㎡, , ,,초동 연가길은 밀양의 아름다운 낙동강변 자연습지인 반월습지에 2015년 밀양시 작은성장동력사업으로 조성돼 봄에는 꽃양귀비 가을에는 코스모스 꽃길과 억새로 유명하다. 국토교통부 '아름다운 우리강 탐방로 100선'에 선정된 바 있으며 산책로 길이는 4km 정도로 가족 연인이 함께 걷기 좋은 힐링 산책로이다. 이 길을 함께 걸으면 가족은 행복을 연인에게는 좋은 인연을 친구는 우애를 돈독히 한다하여 '아름다운 인연'을 뜻하는 연가(緣佳)길로 이름했다.,055-359-5809,초동면행정복지센터,2022-10-24
1000080,밀양추원재,기타(문화유적),경상남도 밀양시 부북면 추원재길 58,경상남도 밀양시 부북면 제대리 701,35.48384029,128.718468,1207㎡,화장실 주차장, , ,경상남도 문화재자료 제159호. 조선 전기 문신이자 학자인 김숙자(1389∼1456) 선생이 터를 잡고 그의 아들인 김종직(1431∼1492) 선생이 평생을 보낸 집터이다. 김숙자 선생은 12세 때부터 길재에게 글을 배우고 세종 1년(1419) 문과에 급제한 뒤 현감 등의 벼슬을 지냈다. 16세기 성리학을 보급하고 사림이 확립한 도통(道統)의 계보에서 길재의 학문을 그의 아들인 김종직으로 하여금 잇게 하였으며 김종직은 현재 성리학의 거두(巨頭)로 인정받고 있다. 이 건물은 여러 차례 전쟁을 겪으면서 파손된 것을 순조 10년(1810) 사림들과 그의 후손들이 다시 고쳐 세운 것이다.,055-359-5640,문화예술과,2022-10-24
1000081,추화산성,기타(문화유적), ,경상남도 밀양시 교동 376-1,35.51158623,128.7653678,1094㎡,공원/정자/화장실/주차장, , ,밀양시 해발 243m의 주화산 산마루에 있는 돌로 쌓은 성으로 밀양읍성으로부터 동쪽으로 약 2㎞지점에 있다. 신라가 가야와 낙동강을 사이에 두고 대치하던 시대에 만들어진 것으로 보이는 삼국시대 초기 산성터로 추정된다. 둘레는 1430m이고 성의 구조는 동 서 남에 문터가 있고 북쪽 계곡의 평지에는 우물 · 연못 · 부속건물들이 있었던 것 같다. 추화산 서·북부 정상에는 봉수대가 있는데 적의 침입이 있을 때에는 군사적 고지이면서 주민과 군사들에게 적의 침입을 알리는 기능을 하였던 곳이었다. 성안에서 기와·토기·분청자기·백자조각들이 발견되었는데 추화산성은 처음에 읍성으로 사용되었을 가능성이 많으나 읍성이 현재의 밀양시내에 쌓아지면서 산성으로서 기능을 했을 것으로 보인다.,055-359-5640,문화예술과,2022-10-24
1000082,밀양충혼탑,기타(전시관람),경상남도 밀양시 밀양대공원로 116,경상남도 밀양시 교동 520,35.50526488,128.7624978,14440㎡,화장실/주차장, ,200대,1950년 6월 25일 동족상잔의 비극을 맞아 조국 수호를 위해 장렬히 산화하신 이 지역 출신 육 해 공군 경찰 노무자 애국단을 포함 총 2470위의 영현을 모신 곳이다. 23m의 탑신 전체가 나라와 겨레를 구해낸 호국영령들의 곧은 정신을 하늘로부터 받아들인다는 의미를 담고 있다.|- 이용시간 : 09:00 ~ 18:00(연중)|- 관람료 : 무료|- 홈페이지 : http://www.miryang625.or.kr/,055-356-7625,밀양충혼탑,2022-10-24
1000083,칠탄서원,기타(문화유적), ,경상남도 밀양시 단장면 미촌리 산81,35.48630808,128.8160135,903868㎡,파악불가, , ,단장면 미촌리에 있는 칠탄 서원(七灘書院)은 임진왜란때 밀양의 석동산(石洞山)에서 의병을 일으켜 충의를 떨친 선조때 울산판관(蔚山判官)과 영천군수(永川郡守)를 지낸 오한 손귀양을 봉안하던 사당이다. 1844년 경내에 청절사(淸絶祠)를 세웠다가 그 후 칠탄서원으로 편액 하였다. 고종 5년에 서원철폐령에 따라 훼철되고 후손들에 의하여 서원을 정(定)으로 편액하였으며 1914년에 청절사가 있던 자리에 “칠탄서원유허비”를 세워 기념하고 있다.,055-359-5639,문화관광과,2022-10-24
1000084,밀양파크골프클럽,기타(운동오락시설), ,경상남도 밀양시 삼문동 631,35.48266095,128.7425466,14361㎡,주차장/화장실/관리사무소/스프링쿨러, ,94대,밀양파크골프장은 밀양시설관리공단에서 관리하고 있는 경남 최대 규모의 파크골프장이다. 2020년 6월에 개장하여 A코스부터 E코스까지 총 5가지 코스로 구성된 45홀과 그라운드 골프장 16홀로 구성되어 있다.|- 운영시간 : 07:00 ~ 19:00 (매주 월요일 휴관/ 하동절기에 따라 탄력적으로 운영시간 조정)|- 요금 : 1인1회3시간 내 연회원 50000원/비회원 1000원/타지역이용자 5000원|- 안내 페이지 : https://www.myfmc.or.kr/sub/02_15.php,055-359-4638,밀양시시설관리공단,2022-10-24
1000085,평리산대추마을,기타(체험마을),경상남도 밀양시 단장면 고례로 908,경상남도 밀양시 단장면 고례리 949-4,35.49775446,128.9286685,954㎡,주차장, , ,평리마을은 대량의 대추를 생산하는 마을로서 대추생산을 위한 깨끗하고 훼손되어지지 않은 그대로의 자연 다양한 주변관광지 여가활동 자연체험들이 가득한 마을이다. 고사천 물위에서의 뗏목타기·논메기잡기·곤충체험과 같은 생태체험과 대추따기·감자캐기 등의 체험들이 계절에 따라 다양하게 체험할 수 있다. 또한 평리마을에서의 친환경적인 농산물들로 전통음식도 만들 수 있다.|- 요금 : 체험/숙박 별 가격 상이(자세한 체험 내용은 홈페이지 참고)|- 홈페이지 : http://www.xn--vk1bn0kpc994awyi8yjy1k.com/index.php,055-353-5244,평리산대추마을,2022-10-24
1000086,하남명품십리길,기타(테마길), ,경상남도 밀양시 하남읍 수산리 420-16(신수산교 밑),35.37083513,128.7167057,2109㎡,화장실/주차장, , ,하남읍 낙동강변 둔치에 노을이 아름다운 명품십리길에는 구절초와 백일홍으로 조성되어 있다. 명품십리길은 거리가 4km정도 되고 백일홍은 7~9월까지 꽃이 피며 구절초는 10월에 피어 여름에서 가을까지 아름다운 꽃을 만끽하며 걸을 수 있다. 특히 가을에는 억새로 은빛물결을 이루어 가을의 정취를 더 느낄 수 있으며 해가 질 무렵 노을이 아름답기로도 유명하다.,055-359-6534,하남읍 총무담당,2022-10-24
1000087,명례강변공원,기타(공원), ,경상남도 밀양시 하남읍 명례리 1082-29,35.35013043,128.7631766,4853㎡,주차장/공원, , ,밀양아리랑 오토캠핑장 주변 명례 강변에 3만여평의 메밀꽃 단지가 조성되어 봄과 가을에 메밀꽃을 볼 수 있다. 봄에는 5월에 가을에는 9월 또는 10월에 메밀꽃을 볼 수 있다. 명례 메밀꽃 단지는 주민들이 자발적으로 지장목과 잡초를 제거한 후 파종하여 가을에 명례강변이 하얀 물결로 뒤덮게 되었다. 주변 관광지로는 명례성지(성당) · 수산제 역사공원 · 초동 꽃새미 마을 · 사명대사 유적지 · 표충비각 · 영산정사 등이 있다.,055-359-6550,하남읍 건설담당,2022-10-24
1000088,밀양한천테마파크,기타(전시관람),경상남도 밀양시 산내면 봉의로 58-31,경상남도 밀양시 산내면 봉의리 1722,35.5909307,128.880129,27771㎡,주차장, ,50대,대한민국 최초로 설립된 한천 테마파크에서는 한천의 역사 · 변천과정 등 한천에 대한 모든 정보를 확인할 수 있으며 한천 요리를 즐길 수 있는 마중 레스토랑과 함께 다양한 체험을 할 수 있는 한천 체험관이 있다.|- 이용시간 : 9:00~18:00|- 한천체험관 이용요금 : 어린이코스 22000원/양갱코스 10000~20000원(자세한 체험 내용은 한천테마파크 홈페이지 참고)|- 홈페이지 : https://miryangagaragar.com/shop/index.php,1577-6526,밀양한천,2022-10-24
1000089,해천항일운동테마거리,기타(테마길), ,경상남도 밀양시 내일동 516-23,35.49425807,128.7512642,33㎡,주차장, ,200대,이 해천지역은 많은 독립운동가들이 배출된 곳으로 일제 강점기 시절 일본에 항거한 독립운동가들의 정신을 스토리텔링화하여 항일운동 테마거리로 조성되었다. 해천 지역은 백민 황상규 선생의 생가지 일봉 김대지 선생의 생가지도 지척에 있으며 임시정부의 군자금을 모집하다 옥고를 치르신 권잠술·홍재문 두 분 선생과 김병환 선생·윤치형 선생·약산 김원봉 선생·고인덕 선생·석정 윤세주 선생·강인수 선생 등도 해천 주변에서 태어나시고 어린시절을 보내셨다. 특히 김원봉·윤세주 선생의 생가터를 중심으로 3.13만세 운동과 밀양인의 항일운동에 관련한 기록들을 벽화와 조형물 등으로 제작하여 누구나 항일운동을 이해하고 숭고한 선열들의 나라 사랑 정신을 일깨우는 교육의 장이 될 것이다.,055-359-5812,내일동행정복지센터,2022-10-24
1000090,향로산,기타(산), ,경상남도 밀양시 단장면 구천리 산 1,35.53410994,128.9744653,19603174㎡,주차장(표충사 공영주차장), , ,바위봉우리인 향로산(976m) 정상은 시야가 좋고 사방이 트였다. 오른 편으로 향로봉이 가까이 보이고 멀리 김해 무척산 신어산까지 뚜렷하다.|- 1코스 : 단장면구천리삼들식당-너덜겅-잇단전망대-822봉-헬기장-안부사거리-향로산-백마산갈림길-917봉-장선리갈림길-칡밭(폐가)-임도(자동우량경보시설)-홍류동천-표충사 → 총 4시간|- 2코스 : 바드리입석-삼박골펜션-가산재(장군미)-전망바위-향로산-헬기장-달봉-입석 → 총 4시간30분|- 3코스 : 표충사 버스종점-호도나무집-옛고개-향로산-재약봉-죽전갈림길-옛고사리마을-옥류동천-표충사-버스종점 → 총 5시간40분,055-359-5297,산림녹지과,2022-10-24
1000091,혜산서원,기타(문화유적),경상남도 밀양시 산외면 다원1리길 17-18 혜산서원,경상남도 밀양시 산외면 다죽리 607,35.50431604,128.8132354,1081㎡,주차장, , ,혜산서원은 산외면 다죽리 죽서(竹西직)마을에 세거하는 일직 손씨(孫氏)의 5현(賢)을 모신 서원으로 1300여평 규모의 넓은 대지위에 사우(祠宇) 강당(講堂) 동재(東齋) 서재(西齋) 상례문(尙禮門) 신문(神門) 중문(中門) 전사당(典祀堂동) 신도비각(神道碑閣도) 다원서당(茶院書堂) 이이정(怡怡亭) 고사(庫舍) 대문(大門) 등 13동의 건물이 자리잡고 있으며 조선시대 서원의 형태를 잘 보전하고 있다. 혜산서원 앞 600년 생 차나무 또한 명물로 통한다.,055-359-5639,문화관광과,2022-10-24
1000092,화악산,기타(산), ,경상남도 밀양시 청도면 요고리 산 74,35.59178509,128.6808036,928264㎡,주차장, ,10대,화악산은 높이 930.4m로 경북 청도군 경남 밀양시의 도경계를 이루고 있다. 비슬산에서 남쪽으로 이어져 한 줄기는 창녕 화왕산으로 갈라지고 화악산을 지나 철마산으로 뻗어내려 물길을 만나면서 멈춘다. 정상은 세 봉우리가 주봉을 중심으로 나란히 솟아 있고 두 봉우리의 중간쯤에서 남쪽으로 또 한 봉우리가 솟아 있는데 이를 속칭 작은 화악산이라고 한다.|- 1코스 : 청도읍평양1리노인회관-한재평지마을-한재불당중리갈림길-밤티재갈림길-화악산(정상)-불당골갈림길-운주암갈림길-윗화악산(837m)-한재중리마을갈림길-아래화악산(744m)-한재평지마을갈림길-평양1리노인회관 → 총 4시간,055-359-5297,산림녹지과,2022-10-24
1000093,삼랑진생태문화공원,기타(공원), ,경상남도 밀양시 삼랑진읍 송지리 458,35.39173592,128.8407543,1891㎡,주차장/화장실/체육시설/정자벤치, , ,삼랑진생태문화고원은 밀양 캠핑/밀양 차박 명소로 유명하다. 주변에 자전거길이 있으며 공원 산책로 사이사이 심어져있는 나무 그리고 푸른 하늘과 어우러지는 낙동대교의 풍경이 아릅답다.|- 무료주차,055-353-9001,삼량진읍사무소,2022-10-24
1000094,용두연유원지,기타(휴양시설), ,경상남도 밀양시 용평동 166-1,35.48308889,128.7784093,2803㎡,주차장/화장실, , ,밀양 상류 용두산의 용머리 모양 절별 부근을 중심으로 형성된 유원지이다. 이곳을 기점으로 하여 밀양강 상류는 북천수와 동천수를 따라 넓은 백사장과 조약돌밭이 이어지고 하류는 영남루에 이른다. 밀양팔경 중 하나로 여름철이면 수영과 보트놀이 등 물놀이와 밀양 명물 은어낚시를 즐기려는 사람들로 붐빈다. 인근에 수령 100년 이상 된 소나무 2000여 그루가 군락을 이루는 삼문송림과 체육공원이 있으며 밀양강변 둔치에는 넓은 잔디광장이 조성되어 있다.|- 24시간 영업/ 연중무휴|- 입장료 : 무료,055-356-1355,밀양종합관광안내소,2022-10-24
1000095,금시당유원지,기타(휴양시설), ,경상남도 밀양시 활성동 584-4,35.48747941,128.7826202,103230㎡,주차장/화장실, , ,금시당유원지는 밀양 시내에서 차로 10분 이내에 갈 수 있어 접근성이 좋은 밀양강 대표 물놀이장 중 하나이다. 금시당유원지 입구에 무료 주차장도 있어 편리하다. 금시교 아래는 야영이 금지되어있다.,055-359-5812,내일동행정복지센터,2022-10-24
1000096,단장유원지,기타(휴양시설), ,경상남도 밀양시 단장면 단장리 4-2,35.51611214,128.8609361,1079㎡,주차장/화장실/매점, , ,단장유원지(단장숲유원지)는 경남 밀양시 내에서 표충사 가는 길을 따라 자동차로 20여 분 밀양 IC에서 10여 분 거리에 있다. 표충사가 있는 재약산과 그 주변의 산 계곡과 밀양댐과 그 주변 산의 계곡물이 흘러내리는 단장천에 위치해있다.,055-353-1057,단장유원지,2022-10-24
1000097,도깨비아트센터,기타(휴양시설),경상남도 밀양시 단장면 고례2길 8 도깨비아트센터,경상남도 밀양시 단장면 고례리 1498-1,35.49132131,128.9288417,1148㎡,주차장 화장실, , ,밀양도깨비 마을은 밀양댐의 깨끗한 물과 공기 그리고 아름다운 산세로 과거부터 많은 이들이 즐겨 찾던 휴양지역이다. 도깨비 아트센터에서 마련한 각종 체험 프로그램을 이용하여 가족 및 연인들과 유익한 시간을 가질 수 있다. 또한 도깨비 테마정원에서는 다양한 캐릭터들과 사진촬영을 하고 편안한 휴식 공간에서 여유롭게 여가를 보내며 때때로 열리는 음악공연을 감상할 수 있다. 바로 앞에는 맑은 물이 흐르는 단장천이 있다. 댐이 보이는 가장 상류라서 깨꿋하고 시원한 물놀이를 즐길 수 있다. |- 이용시간 : 매주 수~일요일(월/화요일 휴무) 10:00~22:00|- 홈페이지 : http://www.gorye.co.kr/%EB%8F%84%EA%B9%A8%EB%B9%84-%EC%95%84%ED%8A%B8%EC%84%BC%ED%84%B0/, ,고례마을영농조합법인,2022-10-24
1000098,밀양컨트리클럽,기타(운동오락시설),경상남도 밀양시 부북면 사포산단1길 157,경상남도 밀양시 부북면 전사포리 941,35.45873794,128.7348611,205946㎡,주차장/화장실, , ,밀양컨트리클럽은 코스길이 2821 야드(9홀 · 파35)로 조성된 퍼블릭 골프장이다. 밀양시내는 물론 부산/대구/창원/울산 등과 인접하여 경남권 어느 지역에서도 쉽게 방문할 수 있다. 모든 홀에 조명시설을 완비하여 야간에도 마음껏 라운드를 즐길 수 있다. 또한 높은 수준의 클럽하우스는 남녀 사우나시설은 물론 레스트랑과 스타트룸 등을 갖추고 있다. 예약은 홈페이지를 통해 할 수 있다.|- 이용요금 : 월 별/ 요일 별 상이(자세한 요금은 밀양컨트리클럽 홈페이지 참고)|- 홈페이지 : http://www.miryangcc.co.kr/,055-350-3300,밀양컨트리클럽,2022-10-24
1000099,밀양노벨CC,기타(운동오락시설),경상남도 밀양시 단장면 단장로 946,경상남도 밀양시 단장면 안법리 산 18-2,35.47722693,128.8615091,121982㎡,주차장, , ,Lake 코스와 Hill 코스 두 코스가 있으며 Lake 9홀은 다양한 공략루트를 위주로 하여 설계되었고 다이나믹하고 스릴 넘치는 코스로 설계되었다. Hill 9홀은 개방갑을 주는 확트인 코스로 디자인 되었으며 다양한 샷밸류를 가지고 있으며 샷의 정교함과 퍼팅의 섬세함을 추구한다. 홈페이지를 통해 예약할 수 있다.|- 이용요금 : 월 별/ 요일 별 상이(자세한 요금은 밀양노벨CC 홈페이지 참고)|- 홈페이지 : https://www.miryangnobelcc.co.kr/Miryang_nobel/index.asp,055-359-8500,밀양노벨컨트리클럽,2022-10-24
1000100,밀양교동손씨고가,기타(문화유적),경상남도 밀양시 밀양향교3길 7,경상남도 밀양시 교동 789,35.50494096,128.755017,783㎡,주차장, , ,밀양 교동손씨고가는 남부지방에서 흔히 찾아볼 수 있는 웅장한 멋과 여유를 한껏 부린 전통 한옥의 형식을 그대로 간직하고 있다. 교동이라는 지역 이름은 향교 주변에 주택이 형성되면서 붙은 이름이다. 그래서 밀양 교동손씨고가 주변에는 밀양 향교가 있어 함께 둘러볼 수 있다.,055-359-5814,교동행정복지센터,2022-10-24
1000101,청정표고마실,기타(체험마을),경상남도 밀양시 산외면 희곡1길 66-33,경상남도 밀양시 산외면 희곡리 448,35.52866042,128.8562108,584㎡,주차장 화장실, , ,표고마실이란 표고버섯과 마를 생산하는 농장이란 뜻을 가지고 있다. 청정표고마실은 버섯한살이와 구조/성장조건을 배움으로써 자연의 소중함과 자연과 더불어 사는 삶의 의미를 깨달을 수 있다. 직접 수확한 표고버섯을 이용한 음식 만들기 체험과 다양한 버섯을 이용한 체험교실을 운영하고 있다.|- 홈페이지 : http://xn--299au8v55g2lf8rgizm.kr/,055-353-1335,청정표고마실,2022-10-24
1000102,감고을교육농장,기타(체험마을),경상남도 밀양시 청도면 인산4길 82-56,경상남도 밀양시 청도면 인산리 348,35.53707819,128.6419522,651㎡, , , ,감고을교육농장은 친환경자연농업 GAP농산물을 생산하여 스타팜/탑프르트/이로로/미르피아를 받았으며 안전한 먹기리 단감 대봉감 재배과정을 관찰하고 자연생태와 흙을 만지고 체험하며 뛰어놀면서 심신을 단련할 수 있다.,055-351-0245,감고을교육농장,2022-10-24
1000103,얼음골폭포관광농원,기타(체험마을),경상남도 밀양시 산내면 산내로 1171,경상남도 밀양시 산내면 남명리 1968-14,35.58845841,128.9562308,5374㎡,주차장 화장실, ,45대,얼음골 폭포관광농원 교육농장은 물고기 물고기 잡기 놀이 · 워터워크 타고 물고기와 숨바꼭질 등으로 어린이들에게 자연과 물 그리고 물고기와 인간이 친구임을 알려주는 농장이다. 농원 내 사과나무를 학교와 학급에 분양하여 년중 식물의 한 살이를 관찰하고 가을에는 꿀사과 따기 체험도 할 수 있다.|- 홈페이지 : http://xn--zb0b8a28vc21al5ofa.kr/,055-356-2684,얼음골폭포관광농원,2022-10-24
1000104,열매가푸른날,기타(체험마을),경상남도 밀양시 부북면 위양로 310,경상남도 밀양시 부북면 위양리 229-5,35.55064356,128.7132622,660㎡,주차장 화장실, , ,"""열매가 푸른날""이라는 농장이름은 블루베리 농장의 맑고 화창한 날시와 열매가 푸르게 익어가는 모습이라는 의미를 담고 있다. 밀양8경 중에 하나인 위양못 근처에 위치하고 있어 하얀 이팝꽃과 푸른 블루베리를 함께 즐길 수 있다. 블루베리 묘목심기부터 수확하기/열매를 이용한 요리까지 다양한 체험 프로그램이 준비되어 있다. 100% 예약제로 운영되고 있어 네이버 예약과 인스타그램으로 예약 및 문의가 가능하다.|- 홈페이지 : https://instabio.cc/3012209oPGUEu|- 인스타그램 : https://www.instagram.com/berry_good.day/",0507-1307-6471,열매가 푸른날,2022-10-24
1000105,센팀向쒼点黎냅개瓚,기타(체험마을),경상남도 밀양시 산내면 발례1길 58-58,경상남도 밀양시 산내면 임고리 973-26,35.56066609,128.8857017,528㎡,주차장 화장실, , ,센팀向쒼点黎냅개瓚揚 곤충과 동물을 주제로 아이들에게 생명의 소중함과 지구에서 함께 공존해야 하는 이유를 이해하고 자연의 세계에 한발 더 다가갈 수 있도록 아이들과 함께 탐구의 영역을 넓히는 농장이다. 그리고 센팀向쒼点黎냅개瓚恙〈 3개 동의 카라반도 운영하고 있어 가족단위로 조용한 힐링 휴가를 즐기기에 더 없이 좋은 곳이다. 바로 옆에 애플팜핑 카라반 펜션도 함께 운영하고 있다. |체험비용 : 15000원~20000원|- 홈페이지 : http://bugsland.net/,055-354-8579,센팀向쒼点黎냅개瓚,2022-10-24
1000106,얼음골사과소고농원,기타(체험마을),경상남도 밀양시 산내면 임고6길 71-5,경상남도 밀양시 산내면 임고리 1793,35.5759611,128.8684826,390㎡,주차장 화장실, , ,사과나무를 튼튼하게 하는 자연농법으로 사과를 재배하고 있는 농원이다. 건강하게 재배한 사과 단감 고구마 등의 농산물을 직접 수확해서 함께 먹고 즐길 수 있는 체험형 농원이다. |- 체험내용 : 얼음골 사과 따기 체험/ 단감 따기 체험/ 고구마 캐기 체험/ 사과요리 체험|- 농산물 수확 체험 기간 : 10월 10일~11월 20일|- 홈페이지 : http://xn--299apa4d72x6ywpgbk6ojjcy5a.kr/,055-352-6233,얼음골사과소고농원,2022-10-24
1000107,애플보이,기타(체험마을),경상남도 밀양시 산내면 밀양대로 4121 나동,경상남도 밀양시 산내면 송백리 1060-4,35.58935601,128.8865185,3548㎡,주차장, , ,밀양 애플보이 농촌교육농장은 3대째 내려오는 농사기술을 바탕으로 소비자 트렌드와 학교교육을 연계해 계절별 다양한 체험 교육을 할 수 있는 곳이다. 야외에서 팜크닉을 즐길 수 있는 공간 대여를 포함한 시즌별로 텃밭 가꾸기/씨앗심기/사과 열매 속 따기/수정하기/열매솎음/사과 따기 등 계절별 다양한 체험 프로그램이 준비되어 있다.|100% 예약제로 운영되며 인스타그램과 네이버를 통해 예약할 수 있다.|- 인스타그램 : https://www.instagram.com/apple__boyi/,0507-1497-2139,애플보이,2022-10-24
1000108,버그밀곤충체험관,기타(체험마을),경상남도 밀양시 산내면 산내로 290 버그밀 곤충체험관,경상남도 밀양시 산내면 송백리 1477,35.58152798,128.8792603,990㎡,주차장 화장실, , ,버그밀곤충체험관은 청정지역인 경남 밀양 얼음골 사과 주산지에서 직접 재배한 GAP인증을 받은 사과를 먹여 키운 굼벵이를 사육한다. 이와 함께 식용곤충 요리 아카데미 및 식용곤충과 애완곤충(장수풍뎅이 · 사슴벌레 등) 사육과 교육을 겸하며 다양한 체험거리를 제공하고 있다.,0507-1334-6716,버그밀 곤충체험관,2022-10-24
1000109,명례성지,기타(문화유적),경상남도 밀양시 하남읍 명례안길 44-1,경상남도 밀양시 하남읍 명례리 1123-2,35.3504497,128.7659543,797㎡,주차장 화장실, , ,마산교구의 영적 고향이며 신앙의 원천인 명례는 영남의 젖줄인 낙동강변에 위치하고 있으며 밀양과 김해를 잇는 나루가 있던 곳이다. 명례는 순교자 신석복 마르코가 출생한 곳이며 1896년 영남 지방의 네 번째 본당이자 마산교구의 첫 번째 본당이 설립된 곳이다. 또한 김대건 · 최양업 신부에 이어 세 번째 방인사제인 강성삼 신부가 사목하다 돌아가신 곳이다.,055-391-1205,명례성지,2022-10-24
1000110,바드리마을,기타(체험마을),경상남도 밀양시 단장면 바드리길 4157,경상남도 밀양시 단장면 고례리 558-1,35.50614619,128.9410342,587㎡, , , ,"밀양시 단장면에 위치한 바드리마을은 백마산(776m)자락 7부 능선에 자리잡고있는 산간 오지마을로 해발 550m의 펑퍼짐한 산중턱에 위치하여 일조량이 길고, 남서쪽으로 트인 시야는 굽이굽이 앞산을 따라 시원하게 열려있다. 산간 마을의 특성을 살려 지역자원을 활용하여 바드리 달빛연수원 및 푸줏간이라는 마을공동사업을 2018년부터 추진중이다.",055-353-0709,바드리마을영농조합법인,2022-10-24
1000111,여여정사,기타(문화유적),경상남도 밀양시 삼랑진읍 행곡1길 180-158,경상남도 밀양시 행곡리 1066,35.44020294,128.8929585,1619㎡,화장실 주차장, ,22대,여여정사는 금오산 서쪽 중턱에 근세에 창건했다. 부산 범어사 주지를 역임했던 정여스님이 1995년 부산에 여여선원을 개원하고 이곳에 부지를 매입하여 불사를 시작한 지 10년 만인 2005년 4월 약산전 건립 이후 대웅보전 봉불식을 봉행했다. 그 후 계속 이어진 불사로 지금의 사찰규모가 되었다고 한다.,055-355-9290,여여정사,2022-10-24
1000112,천황산,기타(산), ,경상남도 밀양시 단장면,35.51526557,128.8759724,,, , ,경상남도 밀양시 단장면·산내면과 울산광역시 울주군 상북면(上北面)의 경계에 있는 산으로 주봉(主峰)은 사자봉이며 남쪽 5km 부근에 솟아 있는 재약산(載藥山:주봉은 수미봉 1018m)과 맥이 이어져 있다.산세가 수려하여 삼남금강(三南金剛)이라 부르며 인근 일대의 해발고도 1000m 이상의 준봉들로 이루어진 영남알프스 산군(山郡)에 속하는 산이다.산세는 부드러운 편이나 정상 일대에는 거대한 암벽을 갖추고 있으며 수미봉·사자봉·능동산·신불산·취서산으로 이어지는 능선은 드넓은 억새평원으로 가을철 환상적인 억새물결이 장관을 이루는 명소이기도 하다.서쪽 산기슭에는 천년고찰인 표충사(表忠寺)를 비롯하여 부근에 내원암(內院庵)·서상암(西上庵) 등의 사찰과 높이 20m의 폭포 2개가 연이어 있는 층층폭포[層層瀑布:毘盧瀑布] 무지개가 걸리는 높이 25m의 금강폭포 등 명소가 있다. 천황산의 북쪽 사면에는 가마볼·호박소[臼淵] 등의 명소 외에 단열냉각에 의한 물리적 현상으로 여름에도 골짜기에 얼음이 어는 얼음골(천연기념물 224)이 있다.,055-359-5297,밀양시청 산림녹지과,2022-10-24
1000113,금오산,기타(산), ,경상남도 밀양시 단장면,35.51526557,128.8759724,,, , ,금오산은 낙동정맥 영축산에서 남서로 갈라진 영축지맥에 있는 산으로 경남 밀양시와 양산시를 가르고 있다. 남쪽으로 천태산(630.9m) 북쪽으로는 만어산(670.4m)을 거느리고 이 일대 6~7백미터 산들의 형님 노릇을 하는 산이다. 정상에 서면 멀리 영남알프스와 남쪽의 낙동강 조망이 시원하다. 삼랑진을 중심으로 밀양강과 낙동강이 만나는 멋진 풍경을 볼 수 있고 낙동철교 아래 고운 물빛과 어울린 은빛 모래톱이 장관이다.,055-359-5279,밀양시청 산림녹지과,2022-10-24
1000114,운문산,기타(산), ,경상남도 밀양시 산내면 삼양리 산1-2,35.6108868,128.9603884,1461521㎡, , , ,거울에 비친 下자형 산줄기 영남알프스의 윗금 서쪽끝을 이루는 산이다. 거대한 봉분 같은 단순한 모양새이지만 억산과 가지산의 좌우 준봉에서 북으로 뻗어간 긴 능선들 덕분에 운문사 들어앉은 깊은 골을 갖추었다. 그러나 남쪽으로는 여지없는 홑산이어서 커다란 바위산이 한바우산으로 불린다.,055-359-5297,밀양시청 산림녹지과,2022-10-24
1000115,밀양시네마,기타(전시관람),경상남도 밀양시 백민로 75-1 범창빌딩,경상남도 밀양시 내이동 1565-16,35.49928014,128.7461839,504㎡,주차장 화장실,292명,4대,밀양시네마는 밀양시민의 다양한 문화생활과 복지 향상을 위해 2008월 8월 10일 개관한 밀양시 유일의 최신영화 상영관이다.|밀양시네마는 문화격차를 해소하고 문화컨텐츠 향유 기회를 대폭 확대해 삶의 질을 향상시키는데 큰 역할을 할 것이며 최신 개봉영화로 즐거움과 행복을 제공할 수 있는 최고의 문화공간이 되기위해 최선을 다하고자 한다.,055-356-3606,밀양시네마,2022-10-24
1000116,안태공원,기타(공원), ,경상남도 밀양시 삼랑진읍 행곡리 1375-1,35.42359067,128.8805382,17017㎡,주차장, ,,삼랑진양수발전소에서 약 500m 떨어진 지점에 있는 호수공원이다. 양수발전소를 건립하면서 함께 조성되었다. 하부 저수지인 안태호?위쪽에 2개 지역으로 나누어 넓은 광장과 소나무숲 등으로 구성되어 있다. 댐의 수질이 1급수이고 수심이 깊어 저수지의 물빛이 맑고 푸르며 겨울 철새들이 찾아와 쉬는 휴식처이기도 하다. 상·하부저수지를 연결하는 약 6km에 이르는 구불구불한 도로는 봄이면 벚꽃이 만발하여 드라이브 코스로 좋다. 또한 공원 안의 등산로도 부산 울산 마산 지역의 등산객들이 많이 찾는 장소이다. 주변 명소로는 작원관지 검세리고분 등이 있다.,055-359-5644,밀양시청 문화관광과,2022-10-24
1000117,용암정,기타(관광명소), ,경상남도 밀양시 단장면 고례리 248-3,35.4713927,128.9464331,45㎡,화장실 주차장, ,15대,밀양호 전망대에서 원동방면 쪽으로 차로 5분 정도 이동하면 용암정에 도착할 수 있다. 식음료 판매상과 화장실이 존재한다. 용암정에 망향비가 있는데 밀양댐 건설로 인해 어쩔 수 없이 떠나야 했던 사람들이 고향의 그리움을 담은 비석이라고 한다.,055-359-3312| 055-359-3313,K-water 밀양권관리단,2022-10-24
1000118,밀양아리랑시장,기타(관광명소),경상남도 밀양시 상설시장1길 11,경상남도 밀양시 내일동 583-1,35.49301628,128.7525587,4019㎡,화장실 주차장 휴게실 수유실, , ,밀양아리랑시장은 조선 성종 10년(1479년) 밀양성 축조시에 최초로 개장된 곳으로 긴 역사를 자랑하고 있다. 이후 근대에 이르러 1915년 내일 공동시장으로 개설허가를 받았고 1968년에는 상설시장으로 허가를 받은 바 있다. 최근 문화관광형시장육성사업 선정을 계기로 기존의 밀양아리랑시장과 내일전통시장은 두 상인회의 협의를 거쳐 2017년 9월 1일부터 밀양아리랑 시장으로 명칭을 통합하여 사용하고 있다.,055-359-5114,밀양시청,2022-10-24
1000119,밀양아리나,기타(관광명소),경상남도 밀양시 부북면 창밀로 3097-16,경상남도 밀양시 부북면 가산리 82,35.53314292,128.7046156,16104㎡,주차장 화장실 식당, ,79대,"밀양아리나는 연극제작/교육/포럼 등 다양한 연극 운동을 전개해 나가는 종합예술촌으로 성장하고 있다. 16,104㎡ 대지에 숲의극장·스튜디오극장·브레히트극장·우리동네극장과 특히 2010년에 완공된 국내 최초·최대 규모의 야외성벽극장을 마련하였으며 지속적으로 새로운 연극 공연활동과 연구등이 이루어지고 있다.",055-359-5649,밀양시청 문화예술과,2022-10-24
1000120,참샘허브나라,기타(관광명소),경상남도 밀양시 초동면 방동길 133-10,경상남도 밀양시 초동면 봉황리 157-1,35.45190139,128.7053469,1164㎡,주차장 화장실, , ,"참샘 허브나라는 다육식물,야생화,허브 ,소나무숲등 많은 식물들과 피톤치드와 허브향기가 가득한 농원이다. 아름다운 풍경과 다양한 체험학습 프로그램이 준비되어있어 지친몸과 마음을 쉬게 해주고 아이들의 체험학습 장소로도 좋은 곳이다.|홈페이지 : https://chamsam.modoo.at/",055-391-3825,참샘허브나라,2022-10-24
